datetime,WIKI/AAPL,WIKI/MSFT,cash,commission,total,returns,equity_curve
2015/1/1,0.0,0.0,100000.0,0.0,100000.0,,
2015-01-02 00:00:00,0.0,0.0,100000.0,0.0,100000.0,0.0,1.0
2015-01-05 00:00:00,10625.0,4632.5,84388.4,2.6,99645.9,-0.0035410000000000164,0.996459
2015-01-06 00:00:00,21252.0,9130.0,69128.29999999999,5.2,99510.29999999999,-0.0013608186588711657,0.9951029999999998
2015-01-07 00:00:00,32325.0,13868.999999999998,53934.69999999998,7.8,100128.69999999998,0.006214432073865739,1.0012869999999998
2015-01-08 00:00:00,44756.0,19036.0,38534.09999999998,10.4,102326.09999999998,0.02194575581226954,1.0232609999999998
2015-01-09 00:00:00,56005.0,23595.0,22583.499999999978,13.000000000000002,102183.49999999997,-0.0013935838461546224,1.0218349999999998
2015-01-12 00:00:00,65550.0,27960.0,6660.899999999979,15.600000000000003,100170.89999999998,-0.019695939168260956,1.001709
2015-01-13 00:00:00,77154.0,32448.499999999996,-8926.70000000002,18.200000000000003,100675.79999999997,0.005040385980359607,1.006758
2015-01-14 00:00:00,87840.0,36764.0,-24586.80000000002,20.800000000000004,100017.19999999998,-0.006541790579265294,1.000172
2015-01-15 00:00:00,96138.0,40932.0,-40164.90000000002,23.400000000000006,96905.09999999998,-0.031115648108525407,0.969051
2015-01-16 00:00:00,105990.0,46240.0,-55397.50000000003,26.000000000000007,96832.49999999997,-0.0007491865753196381,0.9683249999999999
2015-01-20 00:00:00,119592.0,51029.0,-70623.10000000003,28.60000000000001,99997.89999999997,0.03268943794697021,0.9999789999999998
2015-01-21 00:00:00,131460.0,55104.0,-86136.70000000004,31.20000000000001,100427.29999999996,0.004294090175893661,1.0042729999999997
2015-01-22 00:00:00,146120.0,61269.0,-101686.30000000005,33.800000000000004,105702.69999999995,0.052529541270152524,1.0570269999999997
2015-01-23 00:00:00,158172.0,66052.0,-117641.90000000005,36.4,106582.09999999995,0.008319560427500816,1.0658209999999997
2015-01-26 00:00:00,169650.0,70515.0,-133660.50000000006,38.99999999999999,106504.49999999994,-0.0007280772287279191,1.0650449999999996
2015-01-27 00:00:00,174624.0,68256.0,-149674.10000000003,41.59999999999999,93205.89999999997,-0.12486420761564054,0.9320589999999997
2015-01-28 00:00:00,196027.0,70023.0,-164856.7,44.19999999999998,101193.29999999999,0.08569629175835458,1.011933
2015-01-29 00:00:00,214020.0,75618.0,-180509.3,46.799999999999976,109128.70000000001,0.0784182351993663,1.0912870000000003
2015-01-30 00:00:00,222604.0,76760.0,-196602.89999999997,49.39999999999997,102761.10000000003,-0.05834945344350273,1.0276110000000005
2015-02-02 00:00:00,237260.0,82560.0,-212361.49999999994,51.999999999999964,107458.50000000006,0.04571185010670398,1.0745850000000008
2015-02-03 00:00:00,249165.0,87360.0,-228355.09999999992,54.59999999999996,108169.90000000008,0.006620230135354843,1.081699000000001
2015-02-04 00:00:00,263032.0,92048.00000000001,-244382.6999999999,57.19999999999995,110697.30000000012,0.023365095095770894,1.1069730000000013
2015-02-05 00:00:00,275862.0,97635.0,-260525.29999999987,59.79999999999995,112971.70000000013,0.020546119914397254,1.1297170000000014
2015-02-06 00:00:00,273539.0,101783.99999999999,-264771.59999999986,61.099999999999945,110551.40000000013,-0.021423949537804576,1.1055140000000014
2015-02-09 00:00:00,275356.0,105900.0,-269013.89999999985,62.39999999999994,112242.10000000015,0.01529333866418714,1.1224210000000017
2015-02-10 00:00:00,292848.0,110760.0,-285224.4999999998,64.99999999999994,118383.50000000017,0.05471565482114116,1.1838350000000017
2015-02-11 00:00:00,299712.0,114426.0,-289485.7999999998,66.29999999999994,124652.20000000019,0.05295248070888259,1.246522000000002
2015-02-12 00:00:00,303504.0,120652.00000000001,-293725.0999999998,67.59999999999994,130430.90000000021,0.046358588135628764,1.3043090000000022
2015-02-13 00:00:00,304992.0,127222.99999999999,-298035.3999999998,68.89999999999993,134179.6000000002,0.028740888853791446,1.341796000000002
2015-02-17 00:00:00,306792.0,130740.0,-302423.6999999998,70.19999999999993,135108.30000000022,0.006921320379551066,1.351083000000002
2015-02-18 00:00:00,308916.0,134943.0,-306782.99999999977,71.49999999999993,137076.00000000023,0.014563872093720454,1.3707600000000022
2015-02-19 00:00:00,308280.0,139200.0,-311137.29999999976,72.79999999999993,136342.70000000024,-0.005349587090373142,1.3634270000000024
2015-02-20 00:00:00,310788.0,144721.5,-315488.59999999974,74.09999999999992,140020.90000000026,0.026977608628844907,1.4002090000000025
2015-02-23 00:00:00,319200.0,150110.0,-319875.39999999973,75.39999999999992,149434.60000000027,0.06723067770597102,1.4943460000000026
2015-02-24 00:00:00,317207.99999999994,154315.0,-324291.6999999997,76.69999999999992,147231.30000000022,-0.014744242631894111,1.4723130000000022
2015-02-25 00:00:00,309096.0,158364.0,-328701.9999999997,77.99999999999991,138758.0000000003,-0.057550941953238954,1.387580000000003
2015-02-26 00:00:00,312996.0,163003.5,-333102.2999999997,79.29999999999991,142897.2000000003,0.02983035212384144,1.428972000000003
2015-02-27 00:00:00,308304.0,166630.0,-337509.0999999997,80.59999999999991,137424.9000000003,-0.03829536198050054,1.3742490000000032
2015-03-02 00:00:00,309816.0,171132.0,-341895.3999999997,81.8999999999999,139052.60000000033,0.011844287316199686,1.3905260000000033
2015-03-03 00:00:00,310464.00000000006,173120.0,-346284.69999999966,83.1999999999999,137299.3000000004,-0.012608897640173033,1.372993000000004
2015-03-04 00:00:00,308496.0,176525.5,-350613.99999999965,84.4999999999999,134407.50000000035,-0.02106201561115051,1.3440750000000035
2015-03-05 00:00:00,303384.0,181062.0,-354920.79999999964,85.7999999999999,129525.20000000036,-0.03632460986180064,1.2952520000000036
2015-03-06 00:00:00,303840.0,182148.0,-359233.0999999996,87.0999999999999,126754.90000000037,-0.021388115980519484,1.2675490000000038
2015-03-09 00:00:00,305136.0,188540.0,-363470.3999999996,88.39999999999989,130205.60000000038,0.02722340517013544,1.3020560000000039
2015-03-10 00:00:00,298824.0,189135.0,-367756.6999999996,89.69999999999989,120202.3000000004,-0.07682695675147577,1.202023000000004
2015-03-11 00:00:00,293376.0,193108.0,-371960.9999999996,90.99999999999989,114523.00000000041,-0.047247848002908155,1.1452300000000042
2015-03-12 00:00:00,298680.0,192794.00000000003,-376160.2999999996,92.29999999999988,115313.70000000045,0.006904289967954336,1.1531370000000045
2015-03-13 00:00:00,296616.0,198624.0,-380263.59999999957,93.59999999999988,114976.40000000043,-0.0029250644112539526,1.1497640000000044
2015-03-16 00:00:00,299880.0,203644.0,-384402.89999999956,94.89999999999988,119121.10000000044,0.03604826729659294,1.1912110000000045
2015-03-17 00:00:00,304896.0,208475.0,-388560.19999999955,96.19999999999987,124810.80000000045,0.04776399814978194,1.2481080000000047
2015-03-18 00:00:00,308328.0,216750.0,-392730.99999999953,97.49999999999987,132347.00000000047,0.060380992670505895,1.3234700000000048
2015-03-19 00:00:00,305988.0,219881.99999999997,-396982.2999999995,98.79999999999987,128887.70000000045,-0.026138106643898262,1.2888770000000047
2015-03-20 00:00:00,302160.0,227264.0,-401212.0999999995,100.09999999999987,128211.90000000049,-0.005243324227214519,1.2821190000000051
2015-03-23 00:00:00,305304.0,231416.99999999997,-405501.3999999995,101.39999999999986,131219.60000000047,0.02345882090507967,1.312196000000005
2015-03-24 00:00:00,304056.0,235950.0,-409788.1999999995,102.69999999999986,130217.80000000051,-0.007634530207377255,1.3021780000000054
2015-03-25 00:00:00,296112.0,232176.0,-414079.4999999995,103.99999999999986,114208.50000000052,-0.12294248558952714,1.1420850000000053
2015-03-26 00:00:00,298176.0,234897.0,-418226.79999999946,105.29999999999986,114846.20000000054,0.005583647451809615,1.1484620000000054
2015-03-27 00:00:00,295800.0,237626.0,-422349.09999999945,106.59999999999985,111076.90000000055,-0.03282041547739478,1.1107690000000054
2015-03-30 00:00:00,303288.0,241664.0,-426447.39999999944,107.89999999999985,118504.60000000056,0.06686988923889636,1.1850460000000056
2015-03-31 00:00:00,298632.0,243930.0,-430544.69999999943,109.19999999999985,112017.30000000057,-0.05474302263372022,1.1201730000000056
2015-04-01 00:00:00,298200.0,248392.0,-434611.4999999994,110.49999999999984,111980.50000000058,-0.0003285206838585797,1.1198050000000057
2015-04-02 00:00:00,300768.0,249798.0,-438684.7999999994,111.79999999999984,111881.2000000006,-0.0008867615343741697,1.118812000000006
2015-04-06 00:00:00,305640.0,261733.5,-442715.0999999994,113.09999999999984,124658.4000000006,0.1142032799076158,1.2465840000000061
2015-04-07 00:00:00,302424.0,265792.0,-446870.8999999994,114.39999999999984,121345.10000000062,-0.026579035187359823,1.2134510000000063
2015-04-08 00:00:00,301440.0,269230.0,-451025.1999999994,115.69999999999983,119644.80000000063,-0.014012102672460447,1.1964480000000064
2015-04-09 00:00:00,303744.0,273768.0,-455168.49999999936,116.99999999999983,122343.50000000064,0.022555932226055786,1.2234350000000065
2015-04-10 00:00:00,305040.0,279524.0,-459317.79999999935,118.29999999999983,125246.20000000065,0.02372582115110311,1.2524620000000064
2015-04-13 00:00:00,304440.0,283968.0,-463491.09999999934,119.59999999999982,124916.90000000066,-0.0026292214853623763,1.2491690000000064
2015-04-14 00:00:00,303120.0,287385.0,-467668.3999999993,120.89999999999982,122836.60000000068,-0.016653471227672023,1.2283660000000065
2015-04-15 00:00:00,304272.0,295785.0,-471834.6999999993,122.19999999999982,128222.30000000069,0.04384442421884027,1.2822230000000068
2015-04-16 00:00:00,302808.0,299336.0,-476061.4999999993,123.49999999999982,126082.5000000007,-0.01668820478185129,1.260825000000007
2015-04-17 00:00:00,299400.0,299628.0,-480278.7999999993,124.79999999999981,118749.20000000071,-0.05816271092340286,1.187492000000007
2015-04-20 00:00:00,306240.0,313206.5,-484441.5999999993,126.09999999999981,135004.90000000072,0.1368910274763948,1.3500490000000072
2015-04-21 00:00:00,304584.0,315499.0,-488733.39999999927,127.3999999999998,131349.60000000073,-0.02707531356269266,1.3134960000000073
2015-04-22 00:00:00,308688.0,322387.5,-492998.19999999925,128.69999999999982,138077.30000000075,0.0512197981569793,1.3807730000000074
2015-04-23 00:00:00,311207.99999999994,329384.0,-497297.99999999924,129.99999999999983,143294.0000000007,0.037781011071334136,1.432940000000007
2015-04-24 00:00:00,312672.0,368599.0,-501633.29999999923,131.29999999999984,179637.70000000077,0.25363029854704244,1.7963770000000077
2015-04-27 00:00:00,318360.0,374634.0,-506421.5999999992,132.59999999999985,186572.40000000078,0.03860381200605434,1.865724000000008
2015-04-28 00:00:00,313344.0,388324.5,-511225.8999999992,133.89999999999986,190442.6000000008,0.02074368984908803,1.904426000000008
2015-04-29 00:00:00,308735.99999999994,392480.0,-516142.6999999992,135.19999999999987,185073.30000000075,-0.028193796976096808,1.8507330000000075
2015-04-30 00:00:00,300360.0,393984.0,-521049.9999999992,136.4999999999999,173294.00000000081,-0.06364667404752544,1.7329400000000081
2015-05-01 00:00:00,309480.0,398971.0,-525915.2999999992,137.7999999999999,182535.70000000077,0.05332960171731216,1.8253570000000074
2015-05-04 00:00:00,308880.0,400392.0,-530782.0999999993,139.0999999999999,178489.90000000072,-0.022164431396159978,1.784899000000007
2015-05-05 00:00:00,301920.0,399840.0,-535607.3999999993,140.39999999999992,166152.60000000068,-0.06912043762700293,1.6615260000000065
2015-05-06 00:00:00,300024.0,393380.0,-540368.6999999994,141.69999999999993,153035.30000000063,-0.07894730506775094,1.530353000000006
2015-05-07 00:00:00,300624.0,401620.0,-544997.9999999994,142.99999999999994,157246.00000000058,0.02751456690057741,1.5724600000000055
2015-05-08 00:00:00,306288.0,415425.0,-549669.2999999995,144.29999999999995,172043.70000000054,0.09410541444615372,1.7204370000000049
2015-05-11 00:00:00,303168.0,416856.0,-554445.5999999995,145.59999999999997,165578.4000000005,-0.03757940569750606,1.6557840000000044
2015-05-12 00:00:00,302076.0,421415.0,-559183.8999999996,146.89999999999998,164307.10000000044,-0.007677933836780948,1.6430710000000037
2015-05-13 00:00:00,302424.0,428625.0,-563920.1999999996,148.2,167128.8000000004,0.017173329697864226,1.6712880000000032
2015-05-14 00:00:00,309480.0,443352.0,-568683.9999999997,149.5,184148.00000000035,0.10183283790705078,1.8414800000000027
2015-05-15 00:00:00,309048.0,444314.0,-573557.2999999997,150.8,179804.7000000003,-0.023585920020853024,1.7980470000000022
2015-05-18 00:00:00,312456.0,446493.0,-578388.0999999997,152.10000000000002,180560.90000000026,0.004205674267691251,1.8056090000000016
2015-05-19 00:00:00,312168.0,447252.0,-583190.3999999998,153.40000000000003,176229.6000000002,-0.023988028415897533,1.7622960000000012
2015-05-20 00:00:00,312144.0,452010.0,-587949.6999999998,154.70000000000005,176204.30000000016,-0.00014356271591176029,1.7620430000000007
2015-05-21 00:00:00,315335.99999999994,455232.0,-592708.9999999999,156.00000000000006,177859.00000000006,0.009390803743154263,1.7785899999999994
2015-05-22 00:00:00,318096.0,454930.0,-597452.2999999999,157.30000000000007,175573.70000000007,-0.012848942139559894,1.7557369999999997
2015-05-26 00:00:00,311088.0,456582.00000000006,-602143.6,158.60000000000008,165526.40000000008,-0.05722554118299028,1.6552639999999998
2015-05-27 00:00:00,316907.99999999994,471339.0,-606803.9,159.9000000000001,181443.09999999992,0.09615807508651075,1.814430999999998
2015-05-28 00:00:00,316272.0,474500.0,-611566.2000000001,161.2000000000001,179205.79999999993,-0.012330587385246283,1.7920579999999982
2015-05-29 00:00:00,312672.0,473286.0,-616312.5000000001,162.5000000000001,169645.49999999988,-0.0533481617224445,1.6964549999999978
2015-06-01 00:00:00,313284.0,481745.99999999994,-620999.8000000002,163.80000000000013,174030.19999999978,0.025846249974210256,1.7403019999999967
2015-06-02 00:00:00,311904.0,483276.0,-625724.1000000002,165.10000000000014,169455.8999999998,-0.0262845184341568,1.6945589999999968
2015-06-03 00:00:00,312288.0,487240.0,-630417.4000000003,166.40000000000015,169110.59999999974,-0.0020376983038067342,1.6911059999999964
2015-06-04 00:00:00,310464.00000000006,486780.0,-635103.7000000003,167.70000000000016,162140.29999999976,-0.041217404467845276,1.6214029999999966
2015-06-05 00:00:00,308760.0,489084.0,-639741.0000000003,169.00000000000017,158102.99999999965,-0.02490004027376358,1.5810299999999955
2015-06-08 00:00:00,306720.0,489310.99999999994,-644356.3000000004,170.30000000000018,151674.69999999955,-0.04065893752806793,1.5167469999999945
2015-06-09 00:00:00,305808.0,493020.0,-648930.6000000004,171.6000000000002,149897.39999999956,-0.011717840879197361,1.4989739999999947
2015-06-10 00:00:00,309312.0,508049.0,-653496.9000000005,172.9000000000002,163864.0999999995,0.09317506507784645,1.638640999999994
2015-06-11 00:00:00,308616.0,510840.0,-658159.2000000005,174.20000000000022,161296.79999999946,-0.015667251094047208,1.6129679999999935
2015-06-12 00:00:00,305208.0,510267.0,-662804.5000000006,175.50000000000023,152670.49999999942,-0.053480912206566256,1.526704999999993
2015-06-15 00:00:00,304608.0,509320.0,-667402.8000000006,176.80000000000024,146525.19999999937,-0.04025204607307942,1.4652519999999927
2015-06-16 00:00:00,306240.0,517879.0,-671951.6000000007,178.10000000000025,152167.39999999932,0.038506686904368426,1.521673999999992
2015-06-17 00:00:00,305520.0,524058.0,-676535.9000000007,179.40000000000026,153042.09999999928,0.005748274597580982,1.5304209999999914
2015-06-18 00:00:00,306912.0,537280.0,-681134.2000000008,180.70000000000027,163057.79999999923,0.06544408368677646,1.630577999999991
2015-06-19 00:00:00,303840.0,534760.0,-685807.5000000008,182.00000000000028,152792.49999999919,-0.06295497670151384,1.5279249999999904
2015-06-22 00:00:00,306264.0,540891.0,-690418.8000000009,183.3000000000003,156736.19999999914,0.025810821866256273,1.5673619999999897
2015-06-23 00:00:00,304872.0,541738.0,-695043.1000000009,184.6000000000003,151566.8999999991,-0.032980894011722106,1.5156689999999893
2015-06-24 00:00:00,307464.00000000006,543056.5,-699635.400000001,185.90000000000032,150885.0999999991,-0.004498343635714663,1.5088509999999893
2015-06-25 00:00:00,306000.0,547800.0,-704200.200000001,187.20000000000033,149599.799999999,-0.008518402413492887,1.4959979999999882
2015-06-26 00:00:00,304200.0,547646.0,-708766.500000001,188.50000000000034,143079.49999999895,-0.04358495131678042,1.4307949999999878
2015-06-29 00:00:00,298872.0,541314.0,-713293.8000000011,189.80000000000035,126892.1999999989,-0.11313500536415189,1.2689219999999874
2015-06-30 00:00:00,301020.0,543045.0,-717732.1000000011,191.10000000000036,126332.89999999886,-0.004407678328534392,1.263328999999987
2015-07-01 00:00:00,303840.0,551118.0,-722148.4000000012,192.40000000000038,132809.5999999988,0.05126693046704389,1.3280959999999864
2015-07-02 00:00:00,303456.0,555000.0,-726594.2000000012,193.7000000000004,131861.79999999877,-0.007136532298870346,1.318617999999986
2015-07-06 00:00:00,302400.0,559314.0,-731035.5000000013,195.0000000000004,130678.49999999872,-0.00897378922477976,1.3067849999999857
2015-07-07 00:00:00,301656.0,562610.0,-735475.8000000013,196.3000000000004,128790.19999999867,-0.014449966903507971,1.2879019999999852
2015-07-08 00:00:00,294168.0,566272.0,-739907.1000000014,197.60000000000042,120532.89999999863,-0.0641143503154753,1.205328999999985
2015-07-09 00:00:00,288168.0,574308.0,-744332.4000000014,198.90000000000043,118143.59999999858,-0.019822803566495684,1.1814359999999846
2015-07-10 00:00:00,295872.0,579930.0,-748785.7000000015,200.20000000000044,127016.29999999853,0.07510097880883992,1.2701629999999842
2015-07-13 00:00:00,301584.0,596574.0,-753248.0000000015,201.50000000000045,144909.9999999985,0.14087719450180924,1.4490999999999834
2015-07-14 00:00:00,301464.0,602184.0,-757803.3000000016,202.80000000000047,145844.69999999844,0.006450210475467344,1.458446999999983
2015-07-15 00:00:00,304368.0,608608.0,-762366.6000000016,204.10000000000048,150609.3999999984,0.03266968220305566,1.5060939999999823
2015-07-16 00:00:00,308424.0,625244.0,-766943.9000000017,205.4000000000005,166724.09999999835,0.10699664164388234,1.6672409999999818
2015-07-17 00:00:00,311088.0,629370.0,-771611.2000000017,206.7000000000005,168846.7999999983,0.012731812617371885,1.6884679999999812
2015-07-20 00:00:00,316968.0,638112.0,-776274.5000000017,208.0000000000005,178805.49999999825,0.05898068544976898,1.7880549999999806
2015-07-21 00:00:00,313800.0,647736.0,-780967.8000000018,209.30000000000052,180568.1999999982,0.00985819787422626,1.80568199999998
2015-07-22 00:00:00,300528.0,628452.0,-785697.1000000018,210.60000000000053,143282.89999999816,-0.20648873943474222,1.43282899999998
2015-07-23 00:00:00,300384.0,640929.0,-790252.4000000019,211.90000000000055,151060.5999999981,0.054282122988856596,1.5106059999999792
2015-07-24 00:00:00,298800.0,643160.0,-794864.7000000019,213.20000000000056,147095.29999999807,-0.026249730240711977,1.4709529999999789
2015-07-27 00:00:00,294648.0,639435.0,-799460.000000002,214.50000000000057,134622.99999999802,-0.08479060853745979,1.3462299999999785
2015-07-28 00:00:00,296112.0,643828.0,-803996.300000002,215.80000000000058,135943.69999999797,0.009810359299673665,1.359436999999978
2015-07-29 00:00:00,295176.0,661947.0,-808531.6000000021,217.1000000000006,148591.39999999793,0.09303630841296906,1.4859139999999773
2015-07-30 00:00:00,293688.0,675072.0,-813161.9000000021,218.4000000000006,155598.09999999788,0.047154142164351764,1.5559809999999767
2015-07-31 00:00:00,291120.0,677150.0,-817851.2000000022,219.7000000000006,150418.79999999783,-0.0332863961706481,1.5041879999999763
2015-08-03 00:00:00,284256.0,683426.0,-822522.5000000022,221.00000000000063,145159.4999999978,-0.03496437945256925,1.451594999999976
2015-08-04 00:00:00,275136.0,698838.0,-827204.8000000023,222.30000000000064,146769.19999999774,0.011089181211012544,1.4676919999999756
2015-08-05 00:00:00,288500.0,704184.0,-843425.4000000024,224.90000000000066,149258.59999999765,0.016961324310549752,1.4925859999999747
2015-08-06 00:00:00,299338.0,694638.0,-859726.0000000024,227.50000000000068,134249.99999999756,-0.10055433991743412,1.3424999999999738
2015-08-07 00:00:00,311904.0,701100.0,-875903.6000000025,230.1000000000007,137100.39999999746,0.021232029795158036,1.371003999999973
2015-08-10 00:00:00,335216.0,714683.0,-892132.2000000026,232.70000000000073,157766.79999999737,0.15073916633357953,1.5776679999999719
2015-08-11 00:00:00,329121.0,705432.0,-908839.8000000027,235.30000000000075,125713.19999999728,-0.20317075582442334,1.2571319999999713
2015-08-12 00:00:00,345720.0,715122.0,-924832.4000000028,237.90000000000077,136009.59999999718,0.08190388916995306,1.3600959999999704
2015-08-13 00:00:00,356965.0,719642.0,-941033.0000000029,240.5000000000008,135573.9999999971,-0.00320271510246406,1.3557399999999695
2015-08-14 00:00:00,371072.0,728500.0,-957223.600000003,243.10000000000082,142348.399999997,0.049968283004116154,1.4234839999999684
2015-08-17 00:00:00,386628.0,738192.0,-973522.2000000031,245.70000000000084,151297.7999999969,0.06286969154553268,1.5129779999999675
2015-08-18 00:00:00,396100.0,742139.0,-989972.8000000032,248.30000000000086,148266.1999999968,-0.02003730391321057,1.4826619999999666
2015-08-19 00:00:00,402535.0,736438.0,-1006352.4000000033,250.9000000000009,132620.59999999672,-0.10552371342895706,1.3262059999999658
2015-08-20 00:00:00,405540.0,725994.0,-1022517.0000000034,253.5000000000009,109016.99999999662,-0.1779783834487303,1.090169999999965
2015-08-21 00:00:00,391312.0,689120.0,-1038350.6000000035,256.10000000000093,42081.39999999653,-0.6139923131254957,0.4208139999999648
2015-08-24 00:00:00,391856.0,671048.0,-1053236.2000000034,258.70000000000095,9667.799999996554,-0.7702595445969632,0.09667799999996544
2015-08-25 00:00:00,404586.0,655614.0,-1067718.8000000035,261.300000000001,-7518.800000003539,-1.777715716089102,-0.07518800000003532
2015-08-26 00:00:00,438760.0,696173.0,-1082142.4000000036,263.900000000001,52790.59999999637,-8.021146991537416,0.5279059999999632
2015-08-27 00:00:00,462972.0,719960.0,-1097385.0000000037,266.500000000001,85546.99999999627,0.6204968308752346,0.855469999999962
2015-08-28 00:00:00,475818.0,724845.0,-1113069.6000000038,269.10000000000105,87593.39999999618,0.023921353174278348,0.875933999999961
2015-08-31 00:00:00,484868.0,722432.0,-1128794.200000004,271.70000000000107,78505.79999999609,-0.10374754262307995,0.7850579999999602
2015-09-01 00:00:00,473968.0,698394.0,-1144424.800000004,274.3000000000011,27937.199999995995,-0.6441383948702213,0.27937199999995965
2015-09-02 00:00:00,505530.0,728448.0,-1159381.400000004,276.9000000000011,74596.5999999959,1.670153057572219,0.7459659999999583
2015-09-03 00:00:00,507702.0,735150.0,-1174954.0000000042,279.50000000000114,67897.99999999581,-0.08979765833832187,0.6789799999999574
2015-09-04 00:00:00,513569.0,724370.0,-1190343.6000000043,282.10000000000116,47595.399999995716,-0.29901617131581704,0.4759539999999567
2015-09-08 00:00:00,539088.0,750519.0,-1205534.2000000044,284.7000000000012,84072.79999999562,0.7664059972182855,0.8407279999999554
2015-09-09 00:00:00,539735.0,740804.0,-1221156.8000000045,287.3000000000012,59382.19999999553,-0.29368119058722175,0.5938219999999548
2015-09-10 00:00:00,562850.0,748917.0,-1236481.4000000046,289.9000000000012,75285.59999999544,0.2678142608391252,0.7528559999999537
2015-09-11 00:00:00,582471.0,756552.0,-1252070.0000000047,292.50000000000125,86952.99999999534,0.15497518781813002,0.8695299999999526
2015-09-14 00:00:00,599612.0,753200.0,-1267841.6000000047,295.1000000000013,84970.39999999525,-0.022800823433351325,0.8497039999999517
2015-09-15 00:00:00,616284.0,774048.0,-1283679.2000000048,297.7000000000013,106652.79999999516,0.25517592008512513,1.0665279999999506
2015-09-16 00:00:00,628614.0,784110.0,-1299707.800000005,300.3000000000013,113016.19999999506,0.05966463140208411,1.1301619999999497
2015-09-17 00:00:00,626560.0,787650.0,-1315781.400000005,302.90000000000134,98428.59999999497,-0.12907530070910833,0.9842859999999489
2015-09-18 00:00:00,635320.0,778292.0,-1331601.0000000051,305.50000000000136,82010.99999999488,-0.16679704882524926,0.8201099999999482
2015-09-21 00:00:00,656697.0,793980.0,-1347296.6000000052,308.1000000000014,103380.39999999478,0.26056748484960846,1.033803999999947
2015-09-22 00:00:00,657720.0,794590.0,-1363231.2000000053,310.7000000000014,89078.79999999469,-0.13833956920268076,0.8907879999999463
2015-09-23 00:00:00,674488.0,798434.0,-1378963.8000000054,313.30000000000143,93958.1999999946,0.05477622060468024,0.9395819999999453
2015-09-24 00:00:00,690000.0,803552.9999999999,-1394785.4000000055,315.90000000000146,98767.59999999439,0.05118659148429905,0.9876759999999432
2015-09-25 00:00:00,699731.0,808496.0,-1410679.0000000056,318.5000000000015,97547.99999999441,-0.012348178957472311,0.9754799999999434
2015-09-28 00:00:00,697128.0,800865.0,-1426546.6000000057,321.1000000000015,71446.39999999432,-0.26757698773938565,0.7144639999999426
2015-09-29 00:00:00,687078.0,807984.0,-1442122.2000000058,323.7000000000015,52939.799999994226,-0.25902774667445194,0.5293979999999419
2015-09-30 00:00:00,703680.0,826540.0,-1457374.8000000059,326.30000000000155,72845.19999999413,0.37600066490621575,0.7284519999999408
2015-10-01 00:00:00,712270.0,838668.0,-1472792.400000006,328.90000000000157,78145.59999999404,0.07276251558099012,0.7814559999999399
2015-10-02 00:00:00,728508.0,861273.0,-1488214.000000006,331.5000000000016,101566.99999999395,0.29971489117751604,1.0156699999999388
2015-10-05 00:00:00,742226.0,885970.0,-1503811.6000000061,334.1000000000016,124384.39999999385,0.2246536768832521,1.2438439999999378
2015-10-06 00:00:00,756908.0,892925.0,-1519555.2000000062,336.70000000000164,130277.79999999376,0.04738053968182654,1.3027779999999367
2015-10-07 00:00:00,764382.0,898560.0,-1535363.8000000063,339.30000000000166,127578.19999999367,-0.020721872797976548,1.2757819999999358
2015-10-08 00:00:00,766500.0,915785.0,-1551124.4000000064,341.9000000000017,131160.59999999357,0.028080032482039163,1.311605999999935
2015-10-09 00:00:00,796052.0,913934.0,-1566822.0000000065,344.5000000000017,143163.99999999348,0.09151681221342756,1.4316399999999339
2015-10-12 00:00:00,803520.0,916500.0,-1582747.6000000066,347.1000000000017,137272.3999999934,-0.041152803777488534,1.372723999999933
2015-10-13 00:00:00,816067.0,919044.0,-1598610.2000000067,349.70000000000175,136500.7999999933,-0.005620940553236697,1.365007999999932
2015-10-14 00:00:00,815554.0,919596.0,-1614480.8000000068,352.3000000000018,120669.1999999932,-0.1159817378359751,1.2066919999999313
2015-10-15 00:00:00,838950.0,930798.0,-1630172.400000007,354.9000000000018,139575.5999999931,0.15667958352256384,1.39575599999993
2015-10-16 00:00:00,843904.0,945449.0,-1646062.000000007,357.5000000000018,143290.99999999302,0.026619265831564265,1.432909999999929
2015-10-19 00:00:00,860321.0,952400.0,-1661919.600000007,360.10000000000184,150801.39999999292,0.052413619836558345,1.5080139999999282
2015-10-20 00:00:00,887406.0,960177.0000000001,-1677857.2000000072,362.70000000000186,169725.79999999295,0.12549220365328773,1.6972579999999282
2015-10-21 00:00:00,898704.0,953440.0,-1694013.8000000073,365.3000000000019,158130.19999999274,-0.06831960727244002,1.581301999999926
2015-10-22 00:00:00,924000.0,975009.0,-1710112.4000000074,367.9000000000019,188896.59999999264,0.1945637202760846,1.8889659999999249
2015-10-23 00:00:00,964548.0,1078548.0,-1726468.0000000075,370.50000000000193,316627.99999999255,0.6761974540569013,3.1662799999999227
2015-10-26 00:00:00,945296.0,1112125.0,-1743665.6000000075,373.10000000000196,313755.39999999246,-0.009072476218149217,3.137553999999922
2015-10-27 00:00:00,950765.0,1106014.0,-1760621.2000000076,375.700000000002,296157.79999999236,-0.05608700280537171,2.961577999999921
2015-10-28 00:00:00,1001868.0,1117386.0,-1777447.8000000077,378.300000000002,341806.19999999227,0.15413539673782384,3.41806199999992
2015-10-29 00:00:00,1024505.0,1109888.0,-1794775.4000000078,380.900000000002,339617.5999999922,-0.006403043596049929,3.396175999999919
2015-10-30 00:00:00,1027700.0,1100176.0,-1812167.000000008,383.50000000000205,315708.9999999921,-0.07039858947239674,3.157089999999918
2015-11-02 00:00:00,1042148.0000000001,1118040.0,-1817432.300000008,384.80000000000206,342755.69999999215,0.08566971483233221,3.4275569999999185
2015-11-03 00:00:00,1066359.0,1142565.0,-1834876.900000008,387.4000000000021,374047.09999999194,0.09129359482570387,3.740470999999916
2015-11-04 00:00:00,1061400.0,1153280.0,-1840293.200000008,388.7000000000021,374386.7999999919,0.000908174398357664,3.743867999999915
2015-11-05 00:00:00,1052004.0,1158294.0,-1845734.5000000081,390.0000000000021,364563.49999999185,-0.02623837165199272,3.6456349999999147
2015-11-06 00:00:00,1053222.0,1175288.0,-1851173.8000000082,391.3000000000021,377336.1999999918,0.03503559736506867,3.773361999999914
2015-11-09 00:00:00,1048959.0,1164440.0,-1856667.1000000082,392.6000000000021,356731.89999999176,-0.054604620494933975,3.5673189999999138
2015-11-10 00:00:00,1015899.0,1155816.0,-1862084.4000000083,393.90000000000214,309630.5999999917,-0.13203557069048533,3.0963059999999136
2015-11-11 00:00:00,1021768.0,1164205.0,-1879115.0000000084,396.50000000000216,306857.9999999916,-0.008954541314715514,3.068579999999913
2015-11-12 00:00:00,1029908.0,1162376.0,-1896093.6000000085,399.1000000000022,296190.3999999915,-0.03476396248427738,2.961903999999912
2015-11-13 00:00:00,1011060.0,1157196.0,-1913000.2000000086,401.7000000000022,255255.79999999143,-0.13820366899130176,2.5525579999999115
2015-11-16 00:00:00,1038992.5,1182830.0,-1929520.8000000087,404.3000000000022,292301.69999999134,0.14513245144674936,2.9230169999999105
2015-11-17 00:00:00,1045948.0,1170637.0,-1946317.4000000088,406.90000000000225,270267.59999999125,-0.07538136110737892,2.7026759999999097
2015-11-18 00:00:00,1090797.0,1195470.0,-1962986.0000000088,409.5000000000023,323280.99999999115,0.1961515179770037,3.2328099999999083
2015-11-19 00:00:00,1116532.0,1202862.0,-1980102.600000009,412.1000000000023,339291.39999999106,0.04952471688716731,3.392913999999907
2015-11-20 00:00:00,1133350.0,1213856.0,-1997377.200000009,414.7000000000023,349828.79999999097,0.031057079548730604,3.498287999999906
2015-11-23 00:00:00,1130400.0,1219275.0,-2014728.8000000091,417.30000000000234,334946.1999999909,-0.04254252365728739,3.3494619999999053
2015-11-24 00:00:00,1153136.0,1226050.0,-2031925.4000000092,419.90000000000236,347260.5999999908,0.03676530738369399,3.4726059999999044
2015-11-25 00:00:00,1156694.0,1218763.0,-2049241.0000000093,422.5000000000024,326215.9999999907,-0.06060174980979893,3.2621599999999034
2015-11-27 00:00:00,1166319.0,1229604.0,-2066415.6000000094,425.1000000000024,329507.3999999906,0.010089633862226277,3.2950739999999024
2015-11-30 00:00:00,1183000.0,1244615.0,-2083592.2000000095,427.70000000000243,344022.7999999905,0.044051817956137995,3.4402279999999017
2015-12-01 00:00:00,1185134.0,1270060.0,-2100859.8000000096,430.30000000000246,354334.1999999904,0.02997301341655323,3.543341999999901
2015-12-02 00:00:00,1186056.0,1275351.0,-2118118.400000009,432.9000000000025,343288.5999999908,-0.031172830621486458,3.432885999999905
2015-12-03 00:00:00,1186560.0,1257440.0,-2135270.000000009,435.5000000000025,308729.99999999115,-0.10066923282625917,3.087299999999909
2015-12-04 00:00:00,1237912.0,1302703.0,-2152212.6000000085,438.1000000000025,388402.3999999915,0.2580649758688909,3.884023999999912
2015-12-07 00:00:00,1241940.0,1305954.0,-2169709.200000008,440.70000000000255,378184.7999999919,-0.02630673754848023,3.781847999999916
2015-12-08 00:00:00,1253238.0,1311065.0,-2187120.8000000077,443.30000000000257,377182.19999999227,-0.0026510848664452746,3.77182199999992
2015-12-09 00:00:00,1237134.0,1297528.0,-2204525.4000000074,445.9000000000026,330136.59999999264,-0.1247291096981793,3.301365999999924
2015-12-10 00:00:00,1254636.0,1309899.0,-2221588.000000007,448.5000000000026,342946.999999993,0.038803331711784406,3.429469999999928
2015-12-11 00:00:00,1233662.0,1286628.0,-2238734.6000000066,451.10000000000264,281555.3999999934,-0.1790119172933453,2.8155539999999317
2015-12-14 00:00:00,1237280.0,1317846.0,-2255461.2000000062,453.70000000000266,299664.79999999376,0.06431913577221682,2.9966479999999356
2015-12-15 00:00:00,1226439.0,1324800.0,-2272225.800000006,456.3000000000027,279013.19999999413,-0.06891566844020403,2.7901319999999394
2015-12-16 00:00:00,1247008.0,1352733.0,-2288797.4000000055,458.9000000000027,310943.5999999945,0.11444046374867223,3.109435999999943
2015-12-17 00:00:00,1231474.0,1347940.0,-2305547.000000005,461.50000000000273,273866.9999999949,-0.11923898739192662,2.738669999999947
2015-12-18 00:00:00,1208742.0,1315359.0,-2322017.6000000047,464.10000000000275,202083.39999999525,-0.2621111707507694,2.0208339999999514
2015-12-21 00:00:00,1234295.0,1337852.0,-2338036.2000000044,466.7000000000028,234110.79999999562,0.15848605080873113,2.341107999999955
2015-12-22 00:00:00,1243868.0,1356075.0,-2354254.800000004,469.3000000000028,245688.199999996,0.04945265233385476,2.456881999999959
2015-12-23 00:00:00,1270737.0,1373172.0,-2370515.4000000036,471.9000000000028,273393.59999999637,0.1127665064907506,2.7339359999999626
2015-12-24 00:00:00,1274754.0,1375049.0,-2386961.0000000033,474.50000000000284,262841.99999999674,-0.03859490492827833,2.6284199999999664
2015-12-28 00:00:00,1271158.0,1387560.0,-2403333.600000003,477.10000000000286,255384.3999999971,-0.028372938875825482,2.55384399999997
2015-12-29 00:00:00,1304880.0,1408095.0,-2419613.2000000025,479.7000000000029,293361.7999999975,0.1487068121623749,2.933617999999974
2015-12-30 00:00:00,1298572.0,1407750.0,-2436144.800000002,482.3000000000029,270177.19999999786,-0.07903073951686901,2.701771999999978
2015-12-31 00:00:00,1284172.0,1392548.0,-2452510.400000002,484.90000000000293,224209.59999999823,-0.1701387089658194,2.242095999999982
2016-01-04 00:00:00,1295805.0,1380960.0,-2468587.0000000014,487.50000000000296,208177.9999999986,-0.07150273672492058,2.0817799999999855
2016-01-05 00:00:00,1273604.0,1392765.0,-2484604.600000001,490.100000000003,181764.39999999898,-0.12687988163974961,1.8176439999999894
2016-01-06 00:00:00,1258750.0,1372870.0,-2500383.2000000007,492.700000000003,131236.79999999935,-0.2779840276753859,1.3123679999999933
2016-01-07 00:00:00,1215270.0,1330335.0,-2515860.8000000003,495.300000000003,29744.19999999972,-0.7733547297709189,0.2974419999999972
2016-01-08 00:00:00,1231392.0,1339648.0,-2530725.4,497.90000000000305,40314.60000000009,0.35537684657850854,0.40314600000000095
2016-01-11 00:00:00,1261184.0,1344110.0,-2545656.9999999995,500.50000000000307,59637.000000000466,0.47929038115224576,0.5963700000000046
2016-01-12 00:00:00,1289484.0,1361724.0,-2560742.599999999,503.1000000000031,90465.40000000084,0.5169341180810594,0.9046540000000084
2016-01-13 00:00:00,1266070.0,1337476.0,-2576019.199999999,505.7000000000031,27526.80000000121,-0.6957201316746408,0.2752680000000121
2016-01-14 00:00:00,1303712.0,1380860.0,-2590924.7999999984,508.30000000000314,93647.20000000158,2.4020372872981044,0.9364720000000158
2016-01-15 00:00:00,1282116.0,1330839.0,-2606190.399999998,510.90000000000316,6764.600000001956,-0.9277650586456205,0.0676460000000196
2016-01-19 00:00:00,1285578.0,1324672.0,-2621004.9999999977,513.5000000000031,-10754.999999997672,-2.5898944505210304,-0.10754999999997678
2016-01-20 00:00:00,1296986.0,1335777.0,-2635729.5999999973,516.100000000003,-2966.599999997299,-0.7241655044167419,-0.029665999999973006
2016-01-21 00:00:00,1300050.0,1332672.0,-2650490.199999997,518.7000000000029,-17768.199999996927,4.989415492487394,-0.17768199999996936
2016-01-22 00:00:00,1379312.0,1385685.0,-2665170.7999999966,521.3000000000028,99826.20000000345,-6.618250582502489,0.9982620000000351
2016-01-25 00:00:00,1362328.0,1377614.0,-2680544.399999996,523.9000000000027,59397.60000000382,-0.4049898723982104,0.5939760000000386
2016-01-26 00:00:00,1379862.0,1392939.0,-2695669.999999996,526.5000000000026,77131.00000000419,0.2985541503360276,0.7713100000000425
2016-01-27 00:00:00,1298538.0,1372696.0,-2710888.5999999954,529.1000000000025,-39654.59999999544,-1.5141201332796577,-0.3965459999999546
2016-01-28 00:00:00,1317260.0,1400279.5,-2725355.199999995,531.7000000000024,-7815.699999995064,-0.8029055897677454,-0.07815699999995068
2016-01-29 00:00:00,1372494.0,1487430.0,-2739972.2999999947,534.3000000000023,119951.70000000531,-16.34753125120988,1.1995170000000537
2016-02-01 00:00:00,1369306.0,1482641.0,-2755217.8999999943,536.9000000000023,96729.10000000568,-0.19359959050183195,0.9672910000000573
2016-02-02 00:00:00,1351064.0,1441600.0,-2770334.499999994,539.5000000000022,22329.500000006054,-0.7691542669165252,0.22329500000006064
2016-02-03 00:00:00,1387440.0,1423968.0,-2785085.0999999936,542.1000000000021,26322.900000006426,0.17883965158195614,0.2632290000000644
2016-02-04 00:00:00,1400700.0,1424800.0,-2799938.699999993,544.700000000002,25561.3000000068,-0.028932982308159105,0.2556130000000681
2016-02-05 00:00:00,1372692.0,1379400.0,-2814801.299999993,547.3000000000019,-62709.29999999283,-3.4532907168248936,-0.6270929999999286
2016-02-08 00:00:00,1396647.0,1363716.0,-2829221.8999999925,549.9000000000018,-68858.89999999246,0.09806519926072088,-0.6885889999999248
2016-02-09 00:00:00,1405852.0,1365056.0,-2843666.499999992,552.5000000000017,-72758.49999999208,0.05663174985368702,-0.7275849999999211
2016-02-10 00:00:00,1404623.0,1381938.0,-2858096.0999999917,555.1000000000016,-71535.09999999171,-0.016814530261076155,-0.7153509999999174
2016-02-11 00:00:00,1405500.0,1386351.0,-2872496.6999999913,557.7000000000015,-80645.69999999134,0.12735845759635045,-0.8064569999999137
2016-02-12 00:00:00,1419249.0,1414000.0,-2886838.299999991,560.3000000000014,-53589.299999990966,-0.33549711887928657,-0.5358929999999098
2016-02-16 00:00:00,1468928.0,1435629.0,-2901289.8999999906,562.9000000000013,3267.1000000094064,-1.0609655285665227,0.032671000000094055
2016-02-17 00:00:00,1501236.0,1478244.0,-2916065.49999999,565.5000000000013,63414.50000000978,18.41002724123143,0.6341450000000977
2016-02-18 00:00:00,1482404.0,1476977.0,-2931122.09999999,568.1000000000012,28258.90000001015,-0.5543779419532474,0.28258900000010145
2016-02-19 00:00:00,1488620.0,1471688.0,-2945969.6999999895,570.7000000000011,14338.300000010524,-0.49260940800932196,0.1433830000001052
2016-02-22 00:00:00,1511328.0,1500525.0,-2960758.299999989,573.300000000001,51094.7000000109,2.5635117133811813,0.5109470000001088
2016-02-23 00:00:00,1486633.0,1463748.0,-2975713.8999999887,575.9000000000009,-25332.89999998873,-1.495802891493312,-0.2533289999998872
2016-02-24 00:00:00,1518380.0,1474032.0,-2990303.4999999884,578.5000000000008,2108.5000000116415,-1.083231686858298,0.021085000000116406
2016-02-25 00:00:00,1538484.0,1500480.0,-3005052.099999988,581.1000000000007,33911.900000012014,15.083424235155217,0.33911900000011996
2016-02-26 00:00:00,1550560.0,1482570.0,-3019940.6999999876,583.7000000000006,13189.300000012387,-0.6110716297226721,0.1318930000001238
2016-02-29 00:00:00,1556709.0,1475520.0,-3034764.2999999872,586.3000000000005,-2535.299999987241,-1.1922239997562312,-0.025352999999872394
2016-03-01 00:00:00,1628586.0,1530078.0,-3049523.899999987,588.9000000000004,109140.10000001313,-44.048199424353086,1.0914010000001306
2016-03-02 00:00:00,1642225.0,1546140.0,-3064837.4999999865,591.5000000000003,123527.5000000135,0.1318250578843032,1.2352750000001342
2016-03-03 00:00:00,1664600.0,1533855.0,-3080210.099999986,594.1000000000003,118244.90000001388,-0.04276456659447536,1.182449000000138
2016-03-04 00:00:00,1699665.0,1529682.0,-3095597.6999999858,596.7000000000002,133749.30000001425,0.1311210885205074,1.3374930000001415
2016-03-07 00:00:00,1691042.0,1505385.0,-3111104.2999999854,599.3000000000001,85322.70000001462,-0.3620699323285764,0.8532270000001456
2016-03-08 00:00:00,1687201.0,1528840.0,-3126396.899999985,601.9,89644.100000015,0.050647717430409855,0.8964410000001493
2016-03-09 00:00:00,1698816.0,1569348.0,-3141667.4999999846,604.4999999999999,126496.50000001537,0.41109677045108617,1.2649650000001527
2016-03-10 00:00:00,1709773.0,1551090.0,-3157066.0999999843,607.0999999999998,103796.90000001574,-0.17944844323753517,1.0379690000001567
2016-03-11 00:00:00,1738420.0,1586793.0,-3172390.699999984,609.6999999999997,152822.3000000161,0.4723204642912546,1.52822300000016
2016-03-14 00:00:00,1753092.0,1595100.0,-3187926.2999999835,612.2999999999996,160265.70000001648,0.048706242479007233,1.6026570000001636
2016-03-15 00:00:00,1798776.0,1613059.0,-3203497.899999983,614.8999999999995,208337.10000001686,0.2999481486056932,2.083371000000167
2016-03-16 00:00:00,1833281.0,1641370.0,-3219317.499999983,617.4999999999994,255333.50000001723,0.22557864153814444,2.55333500000017
2016-03-17 00:00:00,1840920.0,1656198.0,-3235352.0999999824,620.0999999999993,261765.9000000176,0.025192150657864953,2.6176590000001743
2016-03-18 00:00:00,1853600.0,1626096.0,-3251400.699999982,622.6999999999992,228295.30000001797,-0.12786463019055339,2.282953000000178
2016-03-21 00:00:00,1864016.0,1642730.0,-3267344.2999999817,625.2999999999992,239401.70000001835,0.04864927136038055,2.3940170000001815
2016-03-22 00:00:00,1888944.0,1654542.0,-3283323.8999999813,627.8999999999991,260162.10000001872,0.08671784703282714,2.601621000000185
2016-03-23 00:00:00,1889114.0,1656879.0,-3299405.499999981,630.499999999999,246587.5000000191,-0.05217746935467793,2.4658750000001888
2016-03-24 00:00:00,1891493.0,1669668.0,-3315418.0999999805,633.0999999999989,245742.90000001946,-0.0034251533431319814,2.4574290000001926
2016-03-28 00:00:00,1893420.0,1654386.0,-3331408.69999998,635.6999999999988,216397.30000001984,-0.11941586104826352,2.1639730000001967
2016-03-29 00:00:00,1949008.0000000002,1696010.0,-3347284.29999998,638.2999999999987,297733.70000002044,0.37586605747850443,2.9773370000002024
2016-03-30 00:00:00,1993992.0,1712055.0,-3363525.8999999794,640.8999999999986,342521.1000000206,0.15042771443070446,3.4252110000002034
2016-03-31 00:00:00,1994517.0,1723176.0,-3379989.499999979,643.4999999999985,337703.50000002095,-0.014065118908001106,3.377035000000207
2016-04-01 00:00:00,2023816.0,1739341.0,-3396414.0999999787,646.0999999999984,366742.9000000213,0.08599081738862213,3.6674290000002103
2016-04-04 00:00:00,2055720.0,1740502.0,-3412972.6999999783,648.6999999999983,383249.3000000217,0.04500809695293184,3.8324930000002135
2016-04-05 00:00:00,2042466.0,1718640.0,-3429630.299999978,651.2999999999982,331475.7000000221,-0.1350911795533526,3.314757000000218
2016-04-06 00:00:00,2074951.9999999998,1741792.0,-3446069.8999999776,653.8999999999982,370674.1000000222,0.11825421893670485,3.7067410000002186
2016-04-07 00:00:00,2040552.0000000002,1726382.0,-3462680.499999977,656.4999999999981,304253.50000002305,-0.17918867274512884,3.042535000000228
2016-04-08 00:00:00,2053674.0,1730556.0,-3478983.099999977,659.099999999998,305246.9000000232,0.0032650405007668137,3.052469000000229
2016-04-11 00:00:00,2071380.0,1732489.0,-3495293.6999999764,661.6999999999979,308575.30000002356,0.010903960040216987,3.0857530000002327
2016-04-12 00:00:00,2109404.0,1748800.0,-3511629.299999976,664.2999999999978,346574.70000002393,0.12314465869432012,3.4657470000002357
2016-04-13 00:00:00,2151168.0,1776735.0,-3528140.8999999757,666.8999999999977,399762.1000000243,0.1534659050415299,3.997621000000239
2016-04-14 00:00:00,2163530.0,1782592.0,-3544882.4999999753,669.4999999999976,401239.5000000247,0.0036956980163960207,4.012395000000243
2016-04-15 00:00:00,2131090.0,1797495.0,-3561631.099999975,672.0999999999975,366953.90000002505,-0.08544921424734486,3.669539000000247
2016-04-18 00:00:00,2095860.0,1829304.0,-3578183.6999999746,674.6999999999974,346980.3000000254,-0.05443081542394912,3.4698030000002507
2016-04-19 00:00:00,2095436.0,1832675.0,-3594580.299999974,677.2999999999973,333530.7000000258,-0.038761854779647886,3.3353070000002543
2016-04-20 00:00:00,2110461.0,1812234.0,-3610912.899999974,679.8999999999972,311782.10000002617,-0.06520719082230797,3.117821000000258
2016-04-21 00:00:00,2098206.0,1824006.0,-3627187.4999999735,682.4999999999972,295024.50000002654,-0.05374779373157801,2.9502450000002622
2016-04-22 00:00:00,2103032.0,1698384.0,-3643365.099999973,685.0999999999971,158050.90000002692,-0.4642787293936175,1.5805090000002675
2016-04-25 00:00:00,2101600.0,1714419.0,-3659113.6999999727,687.699999999997,156905.3000000273,-0.007248297858471142,1.5690530000002711
2016-04-26 00:00:00,2097435.0,1697520.0,-3674835.2999999723,690.2999999999969,120119.70000002766,-0.2344445981110468,1.2011970000002752
2016-04-27 00:00:00,1975963.9999999998,1686114.0,-3690416.899999972,692.8999999999968,-28338.8999999722,-1.2359221676374956,-0.2833889999997218
2016-04-28 00:00:00,1925049.0,1656680.0,-3705295.4999999716,695.4999999999967,-123566.4999999716,3.360313914798839,-1.2356649999997151
2016-04-29 00:00:00,1912296.0,1660671.0,-3719771.099999971,698.0999999999966,-146804.09999997122,0.1880574427535373,-1.4680409999997113
2016-05-02 00:00:00,1919620.0,1690374.0,-3734134.699999971,700.6999999999965,-124140.69999997085,-0.1543785221257773,-1.2414069999997077
2016-05-03 00:00:00,1960708.0000000002,1667630.0,-3748562.2999999705,703.2999999999964,-120224.29999997024,-0.031548074080471,-1.2022429999997017
2016-05-04 00:00:00,1949733.0,1675632.0,-3763060.89999997,705.8999999999963,-137695.8999999701,0.14532502996485896,-1.3769589999997003
2016-05-05 00:00:00,1939392.0,1682978.0,-3777469.4999999697,708.4999999999962,-155099.49999996973,0.12639156285701603,-1.5509949999996964
2016-05-06 00:00:00,1937848.0,1703182.0,-3791790.0999999694,711.0999999999962,-150760.09999996936,-0.027978168852905494,-1.5076009999996927
2016-05-09 00:00:00,1948590.0000000002,1697373.0,-3806103.699999969,713.6999999999961,-160140.69999996875,0.06222203354867295,-1.6014069999996865
2016-05-10 00:00:00,1971162.0,1734680.0,-3820392.2999999686,716.299999999996,-114550.29999996861,-0.2846896510381748,-1.1455029999996853
2016-05-11 00:00:00,1961212.0,1740805.0,-3834838.8999999682,718.8999999999959,-132821.89999996824,0.15950722084538094,-1.3282189999996814
2016-05-12 00:00:00,1924242.0,1761642.0,-3849197.499999968,721.4999999999958,-163313.49999996787,0.22956756378283183,-1.6331349999996774
2016-05-13 00:00:00,1937128.0,1752044.0,-3863385.0999999675,724.0999999999957,-174213.0999999675,0.06674034908321591,-1.7421309999996737
2016-05-16 00:00:00,2018420.0,1782952.0,-3877547.699999967,726.6999999999956,-76175.69999996712,-0.5627441334780143,-0.7617569999996707
2016-05-17 00:00:00,2019384.0,1742595.0,-3892121.2999999668,729.2999999999955,-130142.29999996675,0.7084490198320845,-1.3014229999996667
2016-05-18 00:00:00,2051952.0,1758026.0,-3906523.8999999664,731.8999999999954,-96545.89999996638,-0.2581512698024313,-0.9654589999996632
2016-05-19 00:00:00,2053560.0,1746104.0,-3921063.499999966,734.4999999999953,-121399.499999966,0.25742781412787363,-1.2139949999996593
2016-05-20 00:00:00,2085318.0,1761576.0,-3935518.0999999656,737.0999999999952,-88624.09999996563,-0.269979695138856,-0.8862409999996558
2016-05-23 00:00:00,2121460.0,1746047.0,-3950104.6999999653,739.6999999999952,-82597.69999996526,-0.06799956219586667,-0.8259769999996521
2016-05-24 00:00:00,2163590.0,1805650.0000000002,-3964753.299999965,742.2999999999951,4486.700000035344,-1.0543199144774882,0.04486700000035336
2016-05-25 00:00:00,2211564.0,1829412.0,-3979704.8999999645,744.899999999995,61271.10000003548,12.65616154401962,0.6127110000003538
2016-05-26 00:00:00,2239143.0,1826528.0,-3994881.499999964,747.4999999999949,70789.50000003586,0.15534893285733187,0.7078950000003574
2016-05-27 00:00:00,2247840.0,1846896.0,-4010114.099999964,750.0999999999948,84621.90000003623,0.19540186044531138,0.846219000000361
2016-05-31 00:00:00,2246850.0,1876200.0,-4025383.6999999634,752.6999999999947,97666.3000000366,0.15414922141898013,0.9766630000003645
2016-06-01 00:00:00,2225196.0,1876175.0,-4040672.299999963,755.2999999999946,60698.70000003697,-0.3785092708537722,0.6069870000003689
2016-06-02 00:00:00,2218244.0,1868288.0,-4055805.8999999627,757.8999999999945,30726.100000037346,-0.49379311253752334,0.30726100000037304
2016-06-03 00:00:00,2232576.0,1848903.0,-4070828.4999999623,760.4999999999944,10650.500000037719,-0.653372865413288,0.10650500000037702
2016-06-06 00:00:00,2258627.0,1866254.0,-4085802.099999962,763.0999999999943,39078.90000003809,2.669208018393474,0.3907890000003803
2016-06-07 00:00:00,2277690.0,1870390.0,-4100880.6999999615,765.6999999999942,47199.30000003846,0.20779499934728096,0.4719930000003839
2016-06-08 00:00:00,2285514.0,1873440.0,-4115996.299999961,768.2999999999942,42957.700000038836,-0.08986573953419164,0.4295770000003877
2016-06-09 00:00:00,2311880.0,1863482.0,-4131096.899999961,770.8999999999941,44265.10000003921,0.03043459030625928,0.4426510000003914
2016-06-10 00:00:00,2302739.0,1863576.0,-4146226.4999999604,773.499999999994,20088.50000003958,-0.5461774626054886,0.2008850000003955
2016-06-13 00:00:00,2277756.0,1820082.0,-4161260.09999996,776.0999999999939,-63422.099999960046,-4.157134679037015,-0.6342209999995995
2016-06-14 00:00:00,2290310.0,1813812.0,-4176010.6999999597,778.6999999999938,-71888.69999995967,0.13349605263788122,-0.7188869999995957
2016-06-15 00:00:00,2292504.0,1813685.0,-4190742.2999999593,781.2999999999937,-84553.2999999593,0.17616955098654907,-0.8455329999995918
2016-06-16 00:00:00,2311935.0,1844274.0,-4205427.899999959,783.8999999999936,-49218.899999959394,-0.41789498458388863,-0.49218899999959326
2016-06-17 00:00:00,2268854.0,1839771.0,-4220224.499999959,786.4999999999935,-111599.49999995902,1.2674115024929669,-1.1159949999995886
2016-06-20 00:00:00,2272890.0,1842576.0,-4234773.099999959,789.0999999999934,-119307.09999995865,0.06906482555927629,-1.1930709999995848
2016-06-21 00:00:00,2301840.0,1888911.0,-4249292.699999958,791.6999999999933,-58541.69999995828,-0.5093192274392843,-0.585416999999582
2016-06-22 00:00:00,2302755.0,1886630.0,-4264005.299999958,794.2999999999932,-74620.2999999579,0.27465208560754273,-0.746202999999578
2016-06-23 00:00:00,2325620.0,1925860.9999999998,-4278661.8999999575,796.8999999999932,-27180.899999957765,-0.6357438927480444,-0.27180899999957725
2016-06-24 00:00:00,2269620.0,1853676.0,-4293465.499999957,799.4999999999931,-170169.49999995716,5.2606278673708955,-1.701694999999569
2016-06-27 00:00:00,2245776.0,1806439.0,-4307791.099999957,802.099999999993,-255576.0999999568,0.501891349507527,-2.555760999999564
2016-06-28 00:00:00,2292955.0,1849056.0,-4321840.699999956,804.6999999999929,-179829.6999999564,-0.2963751305384704,-1.7982969999995615
2016-06-29 00:00:00,2322240.0,1895250.0,-4336146.299999956,807.2999999999928,-118656.29999995604,-0.34017406468461664,-1.1865629999995586
2016-06-30 00:00:00,2361320.0,1923992.0,-4350642.899999956,809.8999999999927,-65330.89999995567,-0.4494106086235634,-0.6533089999995557
2016-07-01 00:00:00,2378072.0,1928731.9999999998,-4365322.499999955,812.4999999999926,-58518.49999995553,-0.10427531229486753,-0.5851849999995544
2016-07-05 00:00:00,2365251.0,1934226.0,-4380030.099999955,815.0999999999925,-80553.09999995492,0.37654075207013404,-0.805530999999548
2016-07-06 00:00:00,2388250.0,1947302.0,-4394648.699999955,817.6999999999924,-59096.69999995455,-0.26636342983711836,-0.5909669999995446
2016-07-07 00:00:00,2408094.0,1952440.0,-4409342.299999954,820.2999999999923,-48808.29999995418,-0.1740943233718344,-0.488082999999541
2016-07-08 00:00:00,2436336.0,1992630.0,-4424076.899999954,822.8999999999922,4889.100000046194,-1.1001694383957397,0.04889100000046183
2016-07-11 00:00:00,2453594.0,2008938.0000000002,-4438977.499999953,825.4999999999922,23554.5000000468,3.8177578695105945,0.23554500000046746
2016-07-12 00:00:00,2474468.0,2037943.0,-4453937.099999953,828.0999999999921,58473.90000004694,1.4824937909924119,0.5847390000004681
2016-07-13 00:00:00,2470185.0,2054784.0,-4469002.699999953,830.699999999992,55966.30000004731,-0.04288409016668315,0.5596630000004719
2016-07-14 00:00:00,2529024.0,2068990.0,-4484043.299999952,833.2999999999919,113970.70000004768,1.0364165578205338,1.1397070000004743
2016-07-15 00:00:00,2538646.0,2072820.0,-4499298.899999952,835.8999999999918,112167.10000004806,-0.015825119965033774,1.1216710000004781
2016-07-18 00:00:00,2575614.0,2088252.0,-4514549.499999952,838.4999999999917,149316.50000004843,0.33119693742625467,1.493165000000481
2016-07-19 00:00:00,2586633.0,2059892.0000000002,-4529931.099999951,841.0999999999916,116593.90000004903,-0.21914925677998598,1.165939000000488
2016-07-20 00:00:00,2598960.0,2174899.0,-4545229.699999951,843.6999999999915,228629.30000004917,0.960902757347966,2.286293000000487
2016-07-21 00:00:00,2595123.0,2176200.0,-4560819.29999995,846.2999999999914,210503.70000004955,-0.07927942743994632,2.105037000000491
2016-07-22 00:00:00,2584892.0,2211887.0,-4576344.89999995,848.8999999999913,220434.10000004992,0.04717446771718525,2.2043410000004946
2016-07-25 00:00:00,2560042.0,2223816.0,-4591870.49999995,851.4999999999912,191987.5000000503,-0.12904809192404076,1.919875000000499
2016-07-26 00:00:00,2552088.0,2230668.0,-4607280.099999949,854.0999999999912,175475.90000005066,-0.08600351585387223,1.754759000000503
2016-07-27 00:00:00,2728175.0,2213886.0,-4622625.699999949,856.6999999999911,319435.30000005104,0.8203941395938634,3.194353000000504
2016-07-28 00:00:00,2775444.0,2220295.0,-4638542.299999949,859.299999999991,357196.7000000514,0.1182129839751409,3.571967000000507
2016-07-29 00:00:00,2782407.0,2244528.0,-4654599.899999948,861.8999999999909,372335.1000000518,0.04238113062074267,3.723351000000511
2016-08-01 00:00:00,2842140.0,2246226.0,-4670691.499999948,864.4999999999908,417674.50000005215,0.12177041595056193,4.176745000000514
2016-08-02 00:00:00,2810512.0,2251884.0,-4686957.0999999475,867.0999999999907,375438.9000000525,-0.10112084889068962,3.7543890000005185
2016-08-03 00:00:00,2856330.0,2273103.0,-4703065.699999947,869.6999999999906,426367.3000000529,0.13565030155371027,4.263673000000521
2016-08-04 00:00:00,2869077.0,2295600.0,-4719344.299999947,872.2999999999905,445332.7000000533,0.04448136618356524,4.453327000000525
2016-08-05 00:00:00,2923456.0,2324196.0,-4735672.899999946,874.8999999999904,511979.10000005364,0.14965530265348215,5.119791000000527
2016-08-08 00:00:00,2958501.0,2334012.0,-4752219.499999946,877.4999999999903,540293.500000054,0.05530382001921064,5.4029350000005305
2016-08-09 00:00:00,2981394.0,2345460.0,-4768865.099999946,880.0999999999902,557988.9000000544,0.03275145823519732,5.5798890000005334
2016-08-10 00:00:00,2970000.0,2344008.0,-4785568.699999945,882.6999999999902,528439.3000000548,-0.052957325853608794,5.284393000000538
2016-08-11 00:00:00,2978868.0,2361150.0,-4802173.299999945,885.2999999999901,537844.7000000551,0.0177984491312424,5.378447000000541
2016-08-12 00:00:00,2996586.0,2352364.0,-4818798.8999999445,887.89999999999,530151.1000000555,-0.01430450090890334,5.301511000000545
2016-08-15 00:00:00,3043544.0,2365484.0,-4835413.499999944,890.4999999999899,573614.5000000559,0.08198304219305741,5.736145000000548
2016-08-16 00:00:00,3051702.0,2343552.0,-4852176.099999944,893.0999999999898,543077.9000000563,-0.053235404614068615,5.430779000000552
2016-08-17 00:00:00,3058160.0,2354204.0,-4868860.699999943,895.6999999999897,543503.3000000566,0.0007833130385168641,5.435033000000556
2016-08-18 00:00:00,3065148.0,2361600.0,-4885541.299999943,898.2999999999896,541206.700000057,-0.004225549320490574,5.41206700000056
2016-08-19 00:00:00,3083952.0,2368182.0,-4902211.899999943,900.8999999999895,549922.1000000574,0.01610364394971353,5.4992210000005635
2016-08-22 00:00:00,3070833.0,2376004.0,-4918912.499999942,903.4999999999894,527924.5000000577,-0.04000130200258789,5.279245000000568
2016-08-23 00:00:00,3091340.0,2390857.0,-4935533.099999942,906.0999999999893,546663.9000000581,0.03549636358986619,5.466639000000571
2016-08-24 00:00:00,3078855.0,2399130.0,-4952209.6999999415,908.6999999999892,525775.3000000585,-0.03821104704370892,5.257753000000575
2016-08-25 00:00:00,3076502.0,2414055.0,-4968810.299999941,911.2999999999892,521746.70000005886,-0.007662208551826533,5.217467000000579
2016-08-26 00:00:00,3069178.0,2414048.0,-4985386.899999941,913.8999999999891,497839.10000005923,-0.04582223519573181,4.978391000000584
2016-08-29 00:00:00,3076416.0,2422770.0,-5001886.49999994,916.499999999989,497299.5000000596,-0.0010838843313021318,4.972995000000587
2016-08-30 00:00:00,3063400.0,2419802.0,-5018381.09999994,919.0999999999889,464820.90000006,-0.0653099389804247,4.648209000000592
2016-08-31 00:00:00,3076900.0,2407574.0,-5034772.69999994,921.6999999999888,449701.30000006035,-0.03252779726556543,4.497013000000596
2016-09-01 00:00:00,3105843.0,2418780.0,-5051131.299999939,924.2999999999887,473491.7000000607,0.052902671173059135,4.7349170000006
2016-09-02 00:00:00,3145716.0,2427907.0,-5067565.899999939,926.8999999999886,506057.1000000611,0.06877712956741622,5.060571000000603
2016-09-06 00:00:00,3155610.0,2431142.0,-5084108.4999999385,929.4999999999885,502643.50000006147,-0.006745483859428525,5.026435000000607
2016-09-07 00:00:00,3185784.0,2439018.0,-5100642.099999938,932.0999999999884,524159.90000006184,0.04280648212897953,5.24159900000061
2016-09-08 00:00:00,3112840.0,2435032.0,-5117246.699999938,934.6999999999883,430625.3000000622,-0.1784466915534526,4.306253000000615
2016-09-09 00:00:00,3052648.0,2388925.0,-5133544.299999937,937.2999999999882,308028.7000000626,-0.28469437350750626,3.080287000000621
2016-09-12 00:00:00,3131568.0,2430330.0,-5149480.899999937,939.8999999999882,412417.10000006296,0.33889179806939795,4.124171000000623
2016-09-13 00:00:00,3216910.0,2413831.0,-5165732.499999937,942.4999999999881,465008.50000006333,0.12751993067210932,4.650085000000626
2016-09-14 00:00:00,3341923.0,2407928.0,-5182183.099999936,945.099999999988,567667.9000000637,0.2207688676658306,5.676679000000628
2016-09-15 00:00:00,3467100.0,2453451.0,-5198988.699999936,947.6999999999879,721562.3000000641,0.2710993522797098,7.215623000000629
2016-09-16 00:00:00,3459092.0,2461750.0,-5216267.299999936,950.2999999999878,704574.7000000644,-0.023542804273446793,7.045747000000633
2016-09-19 00:00:00,3430116.0,2453683.0,-5233486.899999935,952.8999999999877,650312.1000000648,-0.07701468701614556,6.503121000000638
2016-09-20 00:00:00,3441171.0,2454192.0,-5250540.499999935,955.4999999999876,644822.5000000652,-0.00844148524992705,6.448225000000642
2016-09-21 00:00:00,3451920.0,2501008.0,-5267581.099999934,958.0999999999875,685346.9000000656,0.06284582191222587,6.853469000000645
2016-09-22 00:00:00,3495910.0,2509388.0,-5284714.699999934,960.6999999999874,720583.3000000659,0.05141396276833965,7.2058330000006485
2016-09-23 00:00:00,3448926.0,2498205.0,-5301961.299999934,963.2999999999873,645169.7000000663,-0.10465632495228894,6.451697000000654
2016-09-26 00:00:00,3465416.0,2480840.0,-5318977.899999933,965.8999999999872,627278.1000000667,-0.027731618518349155,6.272781000000658
2016-09-27 00:00:00,3483172.0,2532415.0,-5335958.499999933,968.4999999999872,679628.500000067,0.08345644459769086,6.796285000000661
2016-09-28 00:00:00,3521055.0,2541714.0,-5353065.099999933,971.0999999999871,709703.9000000674,0.04425270570612838,7.097039000000665
2016-09-29 00:00:00,3477580.0,2519860.0,-5370265.699999932,973.699999999987,627174.3000000678,-0.11628736998626021,6.2717430000006695
2016-09-30 00:00:00,3515855.0,2534400.0,-5387226.299999932,976.2999999999869,663028.7000000682,0.05716815883558435,6.630287000000672
2016-10-03 00:00:00,3510624.0,2532222.0,-5404293.899999931,978.8999999999868,638552.1000000685,-0.036916350679838006,6.385521000000677
2016-10-04 00:00:00,3536900.0,2530008.0,-5421290.499999931,981.4999999999867,645617.5000000689,0.011064719699456882,6.4561750000006795
2016-10-05 00:00:00,3549770.0,2553452.0,-5438317.099999931,984.0999999999866,664904.9000000693,0.029874345103716005,6.649049000000684
2016-10-06 00:00:00,3587535.0,2563656.0,-5455388.69999993,986.6999999999865,695802.3000000697,0.04646890104133261,6.958023000000687
2016-10-07 00:00:00,3604296.0,2572100.0,-5472554.29999993,989.2999999999864,703841.70000007,0.011554144043501413,7.038417000000691
2016-10-10 00:00:00,3678785.0,2588584.0,-5489742.89999993,991.8999999999863,777626.1000000704,0.10483095843851409,7.776261000000694
2016-10-11 00:00:00,3698340.0,2556393.0,-5507154.499999929,994.4999999999862,747578.5000000708,-0.038640163955398266,7.475785000000698
2016-10-12 00:00:00,3743146.0,2558528.0,-5524506.099999929,997.0999999999862,777167.9000000712,0.03958032500934361,7.771679000000701
2016-10-13 00:00:00,3743360.0,2555708.0,-5541953.6999999285,999.6999999999861,757114.3000000715,-0.025803433209217408,7.571143000000705
2016-10-14 00:00:00,3775923.0,2583900.0,-5559346.299999928,1002.299999999986,800476.7000000719,0.05727325451387766,8.00476700000071
2016-10-17 00:00:00,3785110.0,2580622.0,-5576853.899999928,1004.8999999999859,788878.1000000723,-0.014489616000064154,7.888781000000714
2016-10-18 00:00:00,3794281.0,2606232.0,-5594333.499999927,1007.4999999999858,806179.5000000726,0.021931652051183637,8.061795000000718
2016-10-19 00:00:00,3794688.0,2606109.0,-5611849.099999927,1010.0999999999857,788947.900000073,-0.021374396148746144,7.889479000000722
2016-10-20 00:00:00,3804450.0,2599150.0,-5629316.699999927,1012.6999999999856,774283.3000000734,-0.01858753917717293,7.742833000000725
2016-10-21 00:00:00,3801160.0,2714530.0,-5646750.299999926,1015.2999999999855,868939.7000000738,0.1222503442861178,8.689397000000728
2016-10-24 00:00:00,3847155.0,2781600.0,-5664378.899999926,1017.8999999999854,964376.1000000741,0.10983086628449845,9.64376100000073
2016-10-25 00:00:00,3878600.0,2787243.0,-5682246.4999999255,1020.4999999999853,983596.5000000745,0.019930398523977155,9.835965000000733
2016-10-26 00:00:00,3802911.0,2776854.0,-5700173.099999925,1023.0999999999852,879591.9000000749,-0.10573909118219893,8.795919000000739
2016-10-27 00:00:00,3777840.0,2758590.0,-5717797.699999925,1025.6999999999853,818632.3000000753,-0.06930441264863219,8.186323000000744
2016-10-28 00:00:00,3764132.0,2754020.0,-5735258.299999924,1028.2999999999852,782893.7000000756,-0.04365647434140618,7.8289370000007485
2016-10-31 00:00:00,3769528.0,2762312.0,-5752619.899999924,1030.899999999985,779220.100000076,-0.004692335626151123,7.792201000000753
2016-11-01 00:00:00,3712617.0,2762760.0,-5769968.499999924,1033.499999999985,705408.5000000764,-0.09472496923525509,7.054085000000757
2016-11-02 00:00:00,3727106.0,2751609.0,-5787100.099999923,1036.099999999985,691614.9000000767,-0.019554059810731106,6.916149000000761
2016-11-03 00:00:00,3679305.0,2747344.0,-5804204.699999923,1038.6999999999848,622444.3000000771,-0.10001317207016791,6.224443000000766
2016-11-04 00:00:00,3657024.0,2730015.0,-5821111.2999999225,1041.2999999999847,565927.7000000775,-0.09079784327688856,5.65927700000077
2016-11-07 00:00:00,3720817.0,2815572.0,-5837868.899999922,1043.8999999999846,698520.1000000779,0.23429211894025026,6.985201000000774
2016-11-08 00:00:00,3753828.0,2823949.0,-5854954.499999922,1046.4999999999845,722822.5000000782,0.034791267996436614,7.228225000000777
2016-11-09 00:00:00,3758832.0,2815956.0,-5872110.099999921,1049.0999999999844,702677.9000000786,-0.027869359351704537,7.026779000000781
2016-11-10 00:00:00,3664860.0,2753030.0,-5889217.699999921,1051.6999999999844,528672.300000079,-0.24763209430662347,5.286723000000786
2016-11-11 00:00:00,3697463.0,2773940.0,-5905869.299999921,1054.2999999999843,565533.7000000793,0.06972447771520263,5.655337000000791
2016-11-14 00:00:00,3615282.0,2737452.0,-5922616.89999992,1056.8999999999842,430117.1000000797,-0.23944921407863162,4.301171000000795
2016-11-15 00:00:00,3673873.0,2778664.0,-5939002.49999992,1059.499999999984,513534.5000000801,0.19394113835507798,5.1353450000007985
2016-11-16 00:00:00,3783656.0,2821445.0,-5955603.0999999195,1062.099999999984,649497.9000000805,0.2647600112552888,6.494979000000801
2016-11-17 00:00:00,3793275.0,2874336.0,-5972569.699999919,1064.699999999984,695041.3000000808,0.07012093495605565,6.950413000000805
2016-11-18 00:00:00,3808076.0,2866625.0,-5989631.299999919,1067.2999999999838,685069.7000000812,-0.014346773350013109,6.8506970000008085
2016-11-21 00:00:00,3877031.0,2896936.0,-6006674.899999918,1069.8999999999837,767292.1000000816,0.12002048842620039,7.6729210000008115
2016-11-22 00:00:00,3890640.0,2915424.0,-6023936.499999918,1072.4999999999836,782127.500000082,0.019334748787324774,7.821275000000816
2016-11-23 00:00:00,3881927.0,2887120.0,-6041231.099999918,1075.0999999999835,727815.9000000823,-0.06944085203498651,7.27815900000082
2016-11-25 00:00:00,3912650.0,2899387.0,-6058396.699999917,1077.6999999999834,753640.3000000827,0.035482049787586956,7.536403000000823
2016-11-28 00:00:00,3916106.9999999995,2909280.0,-6075631.299999917,1080.2999999999834,749755.7000000826,-0.00515444834890022,7.497557000000822
2016-11-29 00:00:00,3923392.0,2938429.0,-6092851.899999917,1082.8999999999833,768969.1000000834,0.025626213978765078,7.689691000000831
2016-11-30 00:00:00,3901356.0,2904532.0,-6110109.499999916,1085.4999999999832,695778.5000000838,-0.09518015743414354,6.957785000000835
2016-12-01 00:00:00,3875946.0,2859360.0,-6127190.099999916,1088.099999999983,608115.9000000842,-0.12599210812060024,6.08115900000084
2016-12-02 00:00:00,3901450.0,2867700.0,-6144061.699999915,1090.699999999983,625088.3000000846,0.027909811271170648,6.250883000000844
2016-12-05 00:00:00,3884316.0,2920670.0,-6160979.299999915,1093.299999999983,644006.7000000849,0.030265164137607048,6.440067000000846
2016-12-06 00:00:00,3925215.0,2913570.0,-6177914.899999915,1095.8999999999828,660870.1000000853,0.026185131303755327,6.60870100000085
2016-12-07 00:00:00,3974874.0,2988719.0,-6194907.499999914,1098.4999999999827,768685.5000000857,0.16314159166829678,7.686855000000853
2016-12-08 00:00:00,4025108.0,2977288.0,-6212150.099999914,1101.0999999999826,790245.900000086,0.028048402109832837,7.9024590000008565
2016-12-09 00:00:00,4102200.0,3030333.0,-6229465.699999914,1103.6999999999825,903067.3000000864,0.14276746010322627,9.03067300000086
2016-12-12 00:00:00,4090130.0,3046330.0,-6247060.299999913,1106.2999999999824,889399.7000000868,-0.015134641681742167,8.893997000000864
2016-12-13 00:00:00,4169878.0,3092318.0,-6264609.899999913,1108.8999999999824,997586.1000000872,0.12163979816947301,9.975861000000867
2016-12-14 00:00:00,4181397.0,3083856.0,-6282429.499999912,1111.4999999999823,982823.5000000875,-0.014798321668674341,9.828235000000872
2016-12-15 00:00:00,4215848.0,3085194.0,-6300219.099999912,1114.0999999999822,1000822.9000000879,0.01831396990405576,10.008229000000876
2016-12-16 00:00:00,4232905.0,3077620.0,-6318061.699999912,1116.699999999982,992463.3000000883,-0.008352726541328015,9.92463300000088
2016-12-19 00:00:00,4269024.0,3149190.0,-6335891.299999911,1119.299999999982,1082322.7000000887,0.09054178628065368,10.823227000000882
2016-12-20 00:00:00,4292065.0,3151584.0,-6353919.899999911,1121.899999999982,1089729.100000089,0.006843060761822395,10.897291000000886
2016-12-21 00:00:00,4307808.0,3157938.0,-6371971.499999911,1124.4999999999818,1093774.5000000894,0.003712298772236222,10.93774500000089
2016-12-22 00:00:00,4291101.0,3164790.0,-6390034.09999991,1127.0999999999817,1065856.9000000898,-0.025524091117499426,10.658569000000893
2016-12-23 00:00:00,4311240.0,3155676.0,-6408020.69999991,1129.6999999999816,1058895.3000000902,-0.0065314583974631635,10.588953000000897
2016-12-27 00:00:00,4350346.0,3164000.0,-6425999.2999999095,1132.2999999999815,1088346.7000000905,0.02781332583117324,10.883467000000902
2016-12-28 00:00:00,4343472.0,3155799.0,-6444055.899999909,1134.8999999999814,1055215.100000091,-0.03044213760192127,10.552151000000904
2016-12-29 00:00:00,4354029.0,3157580.0,-6462033.499999909,1137.4999999999814,1049575.5000000913,-0.005344502746406077,10.495755000000909
2016-12-30 00:00:00,4331668.0,3125642.0,-6479999.099999908,1140.0999999999813,977310.9000000916,-0.06885126415393017,9.773109000000913
2017-01-03 00:00:00,4355625.0,3154032.0,-6497797.699999908,1142.6999999999812,1011859.300000092,0.035350470356973585,10.118593000000917
2017-01-04 00:00:00,4362352.0,3146150.0,-6515673.299999908,1145.299999999981,992828.7000000924,-0.018807555556388023,9.928287000000921
2017-01-05 00:00:00,4396197.0,3152380.0,-6533507.899999907,1147.899999999981,1015069.1000000928,0.022401044611218834,10.150691000000926
2017-01-06 00:00:00,4456998.0,3185988.0,-6551401.499999907,1150.499999999981,1091584.5000000931,0.07537949879470607,10.91584500000093
2017-01-09 00:00:00,4509721.0,3182112.0,-6569479.0999999065,1153.0999999999808,1122353.9000000935,0.028187831542127784,11.223539000000933
2017-01-10 00:00:00,4526180.0,3187358.0,-6587644.699999906,1155.6999999999807,1125893.3000000939,0.0031535507650484185,11.258933000000937
2017-01-11 00:00:00,4562475.0,3222690.0,-6605820.299999906,1158.2999999999806,1179344.7000000942,0.04747465856666522,11.793447000000942
2017-01-12 00:00:00,4555350.0,3199371.0,-6624116.899999905,1160.8999999999805,1130604.1000000946,-0.041328544572249104,11.306041000000945
2017-01-13 00:00:00,4559232.0,3210240.0,-6642305.499999905,1163.4999999999804,1127166.500000095,-0.0030404984379583944,11.271665000000949
2017-01-17 00:00:00,4608000.0,3207789.0,-6660482.099999905,1166.0999999999804,1155306.9000000954,0.02496561067064884,11.553069000000951
2017-01-18 00:00:00,4619615.0,3212500.0,-6678737.699999904,1168.6999999999803,1153377.3000000957,-0.0016702055531733206,11.533773000000956
2017-01-19 00:00:00,4611530.0,3208450.0,-6684988.999999904,1169.9999999999802,1134991.000000096,-0.015941270909353156,11.349910000000957
2017-01-20 00:00:00,4632000.0,3237384.0,-6703199.599999904,1172.5999999999801,1166184.4000000963,0.02748338973612796,11.66184400000096
2017-01-23 00:00:00,4635088.0,3255032.0,-6709474.8999999035,1173.89999999998,1180645.1000000965,0.01240001152476311,11.80645100000096
2017-01-24 00:00:00,4630842.0,3290336.0,-6715772.199999903,1175.19999999998,1205405.8000000967,0.02097217868434642,12.05405800000096
2017-01-25 00:00:00,4716756.0,3304992.0,-6734123.799999903,1177.79999999998,1287624.200000097,0.06820806735789198,12.876242000000962
2017-01-26 00:00:00,4719078.0,3342040.0,-6740493.099999903,1179.09999999998,1320624.9000000972,0.025629139309433446,13.206249000000964
2017-01-27 00:00:00,4719465.0,3427138.0,-6746921.399999903,1180.3999999999799,1399681.6000000974,0.05986309965834691,13.996816000000965
2017-01-30 00:00:00,4707081.0,3399785.9999999995,-6753500.699999902,1181.6999999999798,1353366.3000000971,-0.033089882727612485,13.533663000000963
2017-01-31 00:00:00,4696245.0,3381195.0000000005,-6760014.999999902,1182.9999999999798,1317425.0000000983,-0.026556963920260412,13.174250000000974
2017-02-01 00:00:00,4982625.0,3331592.0,-6766481.299999902,1184.2999999999797,1547735.700000098,0.17481883219157268,15.477357000000971
2017-02-02 00:00:00,4974111.0,3316425.0,-6772840.599999902,1185.5999999999797,1517695.4000000982,-0.01940919240927108,15.176954000000974
2017-02-03 00:00:00,4995396.000000001,3349568.0,-6779158.899999902,1186.8999999999796,1565805.1000000993,0.03169918021758389,15.658051000000984
2017-02-06 00:00:00,5042223.0,3353828.0,-6785528.1999999015,1188.1999999999796,1610522.8000000985,0.028558918348136952,16.105228000000977
2017-02-07 00:00:00,5090211.0,3349104.0,-6791893.499999901,1189.4999999999795,1647421.5000000987,0.022911007531217775,16.474215000000978
2017-02-08 00:00:00,5109948.0,3350686.0,-6798237.799999901,1190.7999999999795,1662396.200000099,0.009089780605630926,16.62396200000098
2017-02-09 00:00:00,5124653.999999999,3395180.0,-6804573.099999901,1192.0999999999794,1715260.9000000982,0.031800301275950904,17.152609000000968
2017-02-10 00:00:00,5113044.0,3398400.0,-6810980.399999901,1193.3999999999794,1700463.6000000993,-0.00862685087732018,17.00463600000098
2017-02-13 00:00:00,5158323.0,3443104.0,-6817381.699999901,1194.6999999999794,1784045.3000000995,0.04915230176052887,17.84045300000098
2017-02-14 00:00:00,5225274.0,3441580.9999999995,-6823854.9999999,1195.9999999999793,1843000.0000000992,0.033045517398014645,18.430000000000977
2017-02-15 00:00:00,5244237.0,3445902.0,-6830313.2999999,1197.2999999999793,1859825.7000000998,0.00912951709169807,18.59825700000098
2017-02-16 00:00:00,5237851.5,3451820.0,-6836767.5999999,1198.5999999999792,1852903.9000001,-0.003721746613136623,18.52903900000098
2017-02-17 00:00:00,5252364.0,3463632.0000000005,-6843220.8999999,1199.8999999999792,1872775.1000001007,0.010724355429334143,18.727751000000985
2017-02-21 00:00:00,5290290.0,3463112.9999999995,-6849684.1999999,1201.1999999999791,1903718.8000001,0.016522912975507564,19.037188000000977
2017-02-22 00:00:00,5306157.000000001,3462568.0,-6856134.499999899,1202.499999999979,1912590.5000001015,0.004660194562348785,19.125905000000994
2017-02-23 00:00:00,5283711.0,3483018.0000000005,-6862571.799999899,1203.799999999979,1904157.2000001012,-0.004409359975384053,19.041572000000993
2017-02-24 00:00:00,5288742.0,3489480.0000000005,-6869035.099999899,1205.099999999979,1909186.9000001014,0.0026414310751232684,19.091869000000994
2017-02-27 00:00:00,5299191.0,3474843.0,-6875498.399999899,1206.399999999979,1898535.6000001011,-0.005578971864933502,18.98535600000099
2017-02-28 00:00:00,5301513.0,3467716.0,-6881922.699999899,1207.699999999979,1887306.3000001013,-0.005914716584718871,18.873063000000993
2017-03-01 00:00:00,5409873.0,3526242.0,-6888321.9999998985,1208.9999999999789,2047793.0000001015,0.0850347927095838,20.477930000000992
2017-03-02 00:00:00,5377752.0,3482144.0000000005,-6894817.299999898,1210.2999999999788,1965078.7000001022,-0.04039192437907313,19.650787000001
2017-03-03 00:00:00,5409486.0,3501625.0,-6901219.599999898,1211.5999999999788,2009891.400000102,0.02280453195080545,20.098914000000995
2017-03-06 00:00:00,5392458.0,3509142.0,-6907645.899999898,1212.8999999999787,1993954.100000102,-0.007929433401227093,19.939541000000997
2017-03-07 00:00:00,5399424.0,3522680.0000000005,-6914074.199999898,1214.1999999999787,2008029.8000001027,0.007059189577132141,20.080298000001005
2017-03-08 00:00:00,5379300.0,3561451.9999999995,-6920515.499999898,1215.4999999999786,2020236.500000102,0.00607894364914241,20.202365000001
2017-03-09 00:00:00,5366916.0,3553677.0,-6927015.799999897,1216.7999999999786,1993577.2000001026,-0.013196128275079655,19.935772000001005
2017-03-10 00:00:00,5384717.999999999,3571150.0000000005,-6933490.099999897,1218.0999999999785,2022377.9000001024,0.014446744274562384,20.223779000001002
2017-03-13 00:00:00,5387040.0,3565520.9999999995,-6939984.399999897,1219.3999999999785,2012576.6000001025,-0.004846423608564576,20.125766000001004
2017-03-14 00:00:00,5378913.0,3555432.0,-6946456.699999897,1220.6999999999784,1987888.3000001032,-0.01226701135251107,19.87888300000101
2017-03-15 00:00:00,5435802.0,3580675.0,-6952898.999999897,1221.9999999999784,2063578.0000001034,0.038075429087236046,20.635780000001013
2017-03-16 00:00:00,5444703.0,3581056.0,-6959375.299999896,1223.2999999999784,2066383.7000001036,0.001359628761306908,20.663837000001017
2017-03-17 00:00:00,5417613.0,3600285.0000000005,-6965840.599999896,1224.5999999999783,2052057.4000001042,-0.006933029911143085,20.520574000001023
2017-03-20 00:00:00,5474502.0,3610108.0000000005,-6972328.899999896,1225.8999999999783,2112281.1000001044,0.029347960734430245,21.122811000001022
2017-03-21 00:00:00,5411808.0,3576496.9999999995,-6978823.199999896,1227.1999999999782,2009481.8000001037,-0.048667433515357295,20.094818000001016
2017-03-22 00:00:00,5472953.999999999,3628674.0,-6985245.499999896,1228.4999999999782,2116382.5000001034,0.05319814292420766,21.16382500000101
2017-03-23 00:00:00,5453603.999999999,3626233.0000000005,-6991749.7999998955,1229.7999999999781,2088087.200000104,-0.013369653169971851,20.88087200000102
2017-03-24 00:00:00,5442767.999999999,3638880.0,-6998238.099999895,1231.099999999978,2083409.9000001037,-0.002239992659310408,20.834099000001018
2017-03-27 00:00:00,5452056.0,3652109.9999999995,-7004737.399999895,1232.399999999978,2099428.6000001044,0.007688693425139226,20.994286000001026
2017-03-28 00:00:00,5565060.0,3669298.0000000005,-7011248.699999895,1233.699999999978,2223109.3000001055,0.05891160099466819,22.231093000001035
2017-03-29 00:00:00,5577444.0,3685961.0,-7017778.999999895,1234.999999999978,2245626.0000001052,0.010128471865957556,22.45626000000103
2017-03-30 00:00:00,5570091.0,3706043.9999999995,-7024327.299999895,1236.299999999978,2251807.700000105,0.002752773614127735,22.518077000001025
2017-03-31 00:00:00,5559642.0,3721090.0,-7030899.599999894,1237.5999999999779,2249832.4000001056,-0.0008772063440405375,22.49832400000103
2017-04-03 00:00:00,5561190.0,3710130.0,-7037486.899999894,1238.8999999999778,2233833.100000106,-0.0071113297150485755,22.338331000001034
2017-04-04 00:00:00,5602599.0,3726891.0,-7044043.199999894,1240.1999999999778,2285446.800000106,0.023105441494262857,22.854468000001035
2017-04-05 00:00:00,5573574.0,3723808.0,-7050617.499999894,1241.4999999999777,2246764.500000106,-0.01692548695511009,22.467645000001035
2017-04-06 00:00:00,5559642.0,3740037.0,-7057174.799999894,1242.7999999999777,2242504.2000001064,-0.0018961933927652552,22.42504200000104
2017-04-07 00:00:00,5547258.0,3743760.0000000005,-7063749.099999893,1244.0999999999776,2227268.900000107,-0.006793878022613553,22.272689000001044
2017-04-10 00:00:00,5540678.999999999,3741763.0,-7070318.399999893,1245.3999999999776,2212123.600000106,-0.006799942297043948,22.12123600000103
2017-04-11 00:00:00,5481081.0,3745456.0,-7076872.699999893,1246.6999999999775,2149664.300000107,-0.028234995549071495,21.49664300000104
2017-04-12 00:00:00,5487660.0,3737679.0,-7083421.999999893,1247.9999999999775,2141917.000000107,-0.003603958069173574,21.419170000001042
2017-04-13 00:00:00,5458635.0,3728130.0,-7089946.299999893,1249.2999999999774,2096818.7000001073,-0.02105511091232648,20.968187000001045
2017-04-17 00:00:00,5488821.000000001,3765100.0,-7096442.5999998925,1250.5999999999774,2157478.4000001084,0.028929396709404642,21.574784000001056
2017-04-18 00:00:00,5464440.0,3766464.0,-7102991.899999892,1251.8999999999774,2127912.1000001077,-0.013704100119843243,21.279121000001048
2017-04-19 00:00:00,5444316.0,3752808.0000000005,-7109532.199999892,1253.1999999999773,2087591.8000001083,-0.01894829208405613,20.875918000001057
2017-04-20 00:00:00,5512428.0,3785900.0,-7116037.499999892,1254.4999999999773,2182290.500000108,0.045362651836434065,21.822905000001054
2017-04-21 00:00:00,5505849.0,3844560.0000000005,-7122588.799999892,1255.7999999999772,2227820.2000001087,0.020863262704941654,22.27820200000106
2017-04-24 00:00:00,5558867.999999999,3916740.0,-7129230.099999892,1257.0999999999772,2346377.9000001075,0.05321690682219016,23.463779000001047
2017-04-25 00:00:00,5593698.0,3946152.0,-7135984.399999891,1258.3999999999771,2403865.6000001086,0.024500614329856507,24.03865600000106
2017-04-26 00:00:00,5559285.96,3947706.0,-7142777.699999891,1259.699999999977,2364214.2600001087,-0.01649482400347091,23.642142600001062
2017-04-27 00:00:00,5564673.0,3980141.0,-7149561.999999891,1260.999999999977,2395252.000000109,0.013128141778486091,23.952520000001062
2017-04-28 00:00:00,5559255.0,3998063.9999999995,-7156390.299999891,1262.299999999977,2400928.7000001087,0.0023699802776491197,24.00928700000106
2017-05-01 00:00:00,5673420.0,4060485.0,-7163237.599999891,1263.599999999977,2570667.4000001093,0.07069710150076225,25.706674000001065
2017-05-02 00:00:00,5708637.0,4060980.0,-7170179.8999998905,1264.899999999977,2599437.1000001095,0.01119152948374369,25.994371000001063
2017-05-03 00:00:00,5691222.0,4054996.0,-7177111.19999989,1266.1999999999769,2569106.8000001097,-0.01166802612765605,25.691068000001067
2017-05-04 00:00:00,5670711.0,4046028.0,-7184020.49999989,1267.4999999999768,2532718.50000011,-0.014163794202715962,25.32718500000107
2017-05-05 00:00:00,5764752.0,4064100.0,-7190902.79999989,1268.7999999999768,2637949.20000011,0.04154851792648717,26.379492000001072
2017-05-08 00:00:00,5921100.0,4067460.0,-7197804.09999989,1270.0999999999767,2790755.9000001103,0.057926323979246463,27.907559000001076
2017-05-09 00:00:00,5958252.0,4080264.0000000005,-7204699.39999989,1271.3999999999767,2833816.600000111,0.01542976223753545,28.338166000001085
2017-05-10 00:00:00,5931162.0,4103152.0,-7211604.699999889,1272.6999999999766,2822709.3000001106,-0.003919554991667407,28.22709300000108
2017-05-11 00:00:00,5957865.0,4059677.9999999995,-7218536.999999889,1273.9999999999766,2799006.0000001104,-0.00839735781506068,27.990060000001076
2017-05-12 00:00:00,6041070.0,4061771.9999999995,-7225384.299999889,1275.2999999999765,2877457.7000001105,0.028028414372815558,28.774577000001077
2017-05-15 00:00:00,6025590.0,4071585.0000000005,-7232223.599999889,1276.5999999999765,2864951.4000001117,-0.004346301945637121,28.649514000001087
2017-05-16 00:00:00,6016689.0,4136836.0,-7239067.899999889,1277.8999999999764,2914457.1000001114,0.01727976956258237,29.144571000001083
2017-05-17 00:00:00,5814675.0,4028556.0000000005,-7246010.199999888,1279.1999999999764,2597220.800000112,-0.10884919184433606,25.972208000001093
2017-05-18 00:00:00,5903298.0,4049057.9999999995,-7252759.499999888,1280.4999999999764,2699596.5000001113,0.0394174034028969,26.995965000001082
2017-05-19 00:00:00,5919552.0,4054631.0,-7259531.799999888,1281.7999999999763,2714651.200000112,0.005576648213909019,27.14651200000109
2017-05-22 00:00:00,5959413.0,4107000.0,-7266302.099999888,1283.0999999999763,2800110.900000112,0.031480913643711084,28.00110900000109
2017-05-23 00:00:00,5952060.0,4127668.0000000005,-7273148.399999888,1284.3999999999762,2806579.600000113,0.0023101585012224035,28.065796000001097
2017-05-24 00:00:00,5934258.0,4139953.9999999995,-7280017.6999998875,1285.6999999999762,2794194.300000112,-0.00441295162267985,27.94194300000109
2017-05-25 00:00:00,5954769.0,4198086.0,-7286895.999999887,1286.9999999999761,2865959.0000001127,0.025683503827918397,28.659590000001096
2017-05-26 00:00:00,5944707.000000001,4226188.0,-7293859.299999887,1288.299999999976,2877035.700000114,0.0038649192120336906,28.77035700000111
2017-05-30 00:00:00,5947028.999999999,4259805.0,-7300857.599999887,1289.599999999976,2905976.400000112,0.010059207815876992,29.059764000001092
2017-05-31 00:00:00,5911812.0,4232304.0,-7307899.899999887,1290.899999999976,2836216.1000001132,-0.02400580403887531,28.3621610000011
