date,open,close,high,low,volume,code
2014/1/2,6.755,6.817,6.856,6.716,489910,1
2014/1/3,6.772,6.649,6.778,6.566,551114,1
2014/1/6,6.627,6.505,6.688,6.41,582118,1
2014/1/7,6.426,6.482,6.555,6.415,338407,1
2014/1/8,6.488,6.555,6.661,6.426,457768,1
2014/1/9,6.516,6.588,6.683,6.493,485518,1
2014/1/10,6.566,6.588,6.661,6.499,381197,1
2014/1/13,6.577,6.466,6.638,6.404,478875,1
2014/1/14,6.449,6.532,6.566,6.382,362427,1
2014/1/15,6.521,6.505,6.544,6.443,297988,1
2014/1/16,6.499,6.516,6.577,6.454,299593,1
2014/1/17,6.477,6.399,6.488,6.382,423513,1
2014/1/20,6.399,6.298,6.399,6.27,307219,1
2014/1/21,6.309,6.332,6.443,6.309,265794,1
2014/1/22,6.332,6.571,6.61,6.326,619084,1
2014/1/23,6.56,6.521,6.571,6.493,375535,1
2014/1/24,6.488,6.499,6.583,6.449,485283,1
2014/1/27,6.443,6.348,6.482,6.326,442997,1
2014/1/28,6.382,6.41,6.46,6.337,389683,1
2014/1/29,6.432,6.443,6.488,6.41,312104,1
2014/1/30,6.438,6.354,6.438,6.343,291413,1
2014/2/7,6.309,6.343,6.343,6.187,418757,1
2014/2/10,6.343,6.449,6.46,6.326,581226,1
2014/2/11,6.426,6.688,6.872,6.371,1310465,1
2014/2/12,6.616,6.655,6.8,6.605,694621,1
2014/2/13,6.594,6.811,6.967,6.577,1218192,1
2014/2/14,6.75,6.733,6.794,6.666,582339,1
2014/2/17,6.744,6.672,6.783,6.616,608921,1
2014/2/18,6.638,6.499,6.649,6.477,596061,1
2014/2/19,6.471,6.688,6.761,6.471,988174,1
2014/2/20,6.649,6.555,6.828,6.549,766324,1
2014/2/21,6.588,6.466,6.599,6.454,479996,1
2014/2/24,6.382,6.22,6.399,6.209,667820,1
2014/2/25,6.226,6.142,6.326,6.131,548387,1
2014/2/26,6.148,6.192,6.254,6.131,407937,1
2014/2/27,6.215,6.265,6.326,6.137,555086,1
2014/2/28,6.226,6.204,6.265,6.064,446237,1
2014/3/3,6.142,6.153,6.176,6.092,427431,1
2014/3/4,6.126,6.12,6.142,6.02,527585,1
2014/3/5,6.07,5.964,6.12,5.925,533016,1
2014/3/6,5.969,6.003,6.047,5.858,527382,1
2014/3/7,5.992,6.02,6.098,5.975,488654,1
2014/3/10,5.964,5.747,5.975,5.713,544320,1
2014/3/11,5.747,5.707,5.791,5.629,450789,1
2014/3/12,5.724,5.769,5.841,5.674,515107,1
2014/3/13,5.841,5.886,6.014,5.78,626625,1
2014/3/14,5.813,5.752,5.869,5.724,450392,1
2014/3/17,5.802,5.836,5.852,5.763,372979,1
2014/3/18,5.836,5.786,5.858,5.758,431814,1
2014/3/19,5.769,5.707,5.769,5.657,363028,1
2014/3/20,5.696,5.629,5.735,5.602,454881,1
2014/3/21,5.613,6.014,6.098,5.59,1251811,1
2014/3/24,6.003,6.014,6.092,5.925,842538,1
2014/3/25,6.003,5.908,6.025,5.886,415754,1
2014/3/26,5.942,5.964,5.992,5.875,360206,1
2014/3/27,5.93,6.003,6.148,5.864,803133,1
2014/3/28,5.964,6.008,6.109,5.947,532649,1
2014/3/31,6.047,6.003,6.098,5.947,321130,1
2014/4/1,5.975,6.02,6.07,5.964,281242,1
2014/4/2,6.014,6.081,6.137,5.981,460397,1
2014/4/3,6.109,6.003,6.142,5.997,453650,1
2014/4/4,5.964,6.014,6.031,5.903,342090,1
2014/4/8,6.008,6.287,6.404,6.008,1342920,1
2014/4/9,6.282,6.237,6.326,6.22,557346,1
2014/4/10,6.248,6.332,6.466,6.22,770068,1
2014/4/11,6.321,6.354,6.41,6.27,593255,1
2014/4/14,6.326,6.287,6.382,6.237,421741,1
2014/4/15,6.248,6.114,6.259,6.081,534688,1
2014/4/16,6.092,6.126,6.204,6.053,376646,1
2014/4/17,6.142,6.075,6.176,6.036,304885,1
2014/4/18,6.047,6.02,6.064,5.975,323544,1
2014/4/21,5.992,5.958,6.075,5.947,298156,1
2014/4/22,5.969,6.165,6.231,5.953,523281,1
2014/4/23,6.176,6.287,6.382,6.176,1169892,1
2014/4/24,6.365,6.259,6.382,6.198,634004,1
2014/4/25,6.259,6.27,6.421,6.192,714335,1
2014/4/28,6.27,6.148,6.287,6.109,526045,1
2014/4/29,6.142,6.22,6.27,6.086,413621,1
2014/4/30,6.231,6.209,6.254,6.181,259596,1
2014/5/5,6.187,6.126,6.192,6.036,403270,1
2014/5/6,6.086,6.103,6.181,6.075,267770,1
2014/5/7,6.081,6.047,6.103,6.047,241910,1
2014/5/8,6.036,6.092,6.215,6.025,379620,1
2014/5/9,6.092,6.159,6.204,6.075,321914,1
2014/5/12,6.215,6.321,6.354,6.142,601991,1
2014/5/13,6.315,6.259,6.332,6.237,305833,1
2014/5/14,6.248,6.304,6.376,6.248,416121,1
2014/5/15,6.298,6.237,6.326,6.215,312627,1
2014/5/16,6.237,6.282,6.321,6.231,311773,1
2014/5/19,6.282,6.282,6.287,6.209,261105,1
2014/5/20,6.27,6.265,6.321,6.226,205766,1
2014/5/21,6.243,6.315,6.343,6.176,263168,1
2014/5/22,6.315,6.348,6.499,6.293,619141,1
2014/5/23,6.354,6.454,6.471,6.332,415356,1
2014/5/26,6.493,6.454,6.493,6.387,315989,1
2014/5/27,6.426,6.454,6.521,6.41,284407,1
2014/5/28,6.449,6.466,6.482,6.348,427037,1
2014/5/29,6.46,6.41,6.544,6.404,362238,1
2014/5/30,6.404,6.41,6.477,6.387,318773,1
2014/6/3,6.41,6.415,6.516,6.41,278113,1
2014/6/4,6.415,6.315,6.421,6.27,323889,1
2014/6/5,6.298,6.371,6.376,6.293,246291,1
2014/6/6,6.376,6.343,6.399,6.293,186435,1
2014/6/9,6.326,6.399,6.432,6.309,313522,1
2014/6/10,6.421,6.549,6.549,6.393,621982,1
2014/6/11,6.51,6.566,6.599,6.482,433233,1
2014/6/12,6.525,6.586,6.627,6.512,367441,1
2014/6/13,6.58,6.865,7.041,6.566,1239504,1
2014/6/16,6.824,6.871,6.946,6.797,878182,1
2014/6/17,6.817,6.81,6.905,6.77,541847,1
2014/6/18,6.81,6.688,6.824,6.654,538550,1
2014/6/19,6.688,6.634,6.742,6.566,483081,1
2014/6/20,6.627,6.681,6.681,6.607,372070,1
2014/6/23,6.681,6.627,6.749,6.62,430859,1
2014/6/24,6.634,6.647,6.681,6.62,284593,1
2014/6/25,6.647,6.627,6.654,6.539,271262,1
2014/6/26,6.586,6.661,6.668,6.586,342885,1
2014/6/27,6.641,6.661,6.695,6.586,367520,1
2014/6/30,6.647,6.722,6.763,6.641,447237,1
2014/7/1,6.722,6.688,6.749,6.668,284943,1
2014/7/2,6.688,6.709,6.715,6.654,286041,1
2014/7/3,6.709,6.756,6.776,6.668,446904,1
2014/7/4,6.763,6.722,6.79,6.688,342311,1
2014/7/7,6.722,6.688,6.736,6.647,343061,1
2014/7/8,6.675,6.736,6.736,6.627,346087,1
2014/7/9,6.729,6.546,6.729,6.498,587891,1
2014/7/10,6.553,6.559,6.6,6.519,360257,1
2014/7/11,6.553,6.559,6.58,6.539,318320,1
2014/7/14,6.566,6.593,6.593,6.491,463116,1
2014/7/16,6.58,6.519,6.586,6.458,617702,1
2014/7/17,6.512,6.505,6.525,6.464,320072,1
2014/7/18,6.478,6.512,6.546,6.464,375115,1
2014/7/21,6.512,6.478,6.512,6.464,272995,1
2014/7/22,6.464,6.6,6.647,6.458,613698,1
2014/7/23,6.58,6.62,6.668,6.566,555703,1
2014/7/24,6.627,6.892,6.987,6.62,1805823,1
2014/7/25,6.919,6.932,6.96,6.837,853913,1
2014/7/28,6.96,7.312,7.394,6.946,1867879,1
2014/7/29,7.339,7.339,7.529,7.278,1201827,1
2014/7/30,7.339,7.292,7.529,7.278,810025,1
2014/7/31,7.292,7.373,7.394,7.224,637784,1
2014/8/1,7.353,7.258,7.516,7.258,854509,1
2014/8/4,7.258,7.414,7.414,7.19,830623,1
2014/8/5,7.428,7.339,7.523,7.265,752175,1
2014/8/6,7.292,7.224,7.292,7.129,834647,1
2014/8/7,7.224,7.122,7.244,7.109,596434,1
2014/8/8,7.143,7.149,7.204,7.095,555651,1
2014/8/11,7.163,7.265,7.292,7.163,621331,1
2014/8/12,7.224,7.19,7.231,7.136,480852,1
2014/8/13,7.177,7.224,7.265,7.116,533364,1
2014/8/14,7.244,7.149,7.292,7.129,523693,1
2014/8/15,7.149,7.177,7.21,7.088,675089,1
2014/8/18,7.183,7.224,7.251,7.156,589023,1
2014/8/19,7.224,7.177,7.238,7.129,580821,1
2014/8/20,7.17,7.102,7.17,7.082,573285,1
2014/8/21,7.088,7.014,7.102,6.953,632230,1
2014/8/22,6.98,7.021,7.061,6.96,481561,1
2014/8/25,7.021,6.926,7.021,6.905,509434,1
2014/8/26,6.912,6.912,6.966,6.878,461165,1
2014/8/27,6.912,6.946,7.048,6.898,573146,1
2014/8/28,6.946,6.885,6.953,6.878,438969,1
2014/8/29,6.885,6.953,6.953,6.878,343726,1
2014/9/1,6.946,6.987,7.007,6.898,487782,1
2014/9/2,7.021,7.088,7.116,6.946,788004,1
2014/9/3,7.102,7.122,7.183,7.075,766928,1
2014/9/4,7.122,7.156,7.156,7.041,628158,1
2014/9/5,7.156,7.17,7.217,7.122,597878,1
2014/9/9,7.156,7.095,7.177,7.068,566697,1
2014/9/10,7.054,7.007,7.061,6.993,531593,1
2014/9/11,7.007,7.034,7.156,6.987,713461,1
2014/9/12,7.034,7.034,7.041,6.966,408654,1
2014/9/15,7.007,6.993,7.007,6.953,515418,1
2014/9/16,7,6.953,7.095,6.946,828340,1
2014/9/17,6.987,6.96,7.021,6.919,556747,1
2014/9/18,6.926,7.007,7.095,6.905,768309,1
2014/9/19,6.987,7.041,7.054,6.96,570754,1
2014/9/22,7.007,6.824,7.014,6.797,790191,1
2014/9/23,6.824,6.851,6.878,6.817,462158,1
2014/9/24,6.831,6.973,6.987,6.81,760552,1
2014/9/25,7,6.905,7.007,6.885,677167,1
2014/9/26,6.892,6.865,6.898,6.824,453633,1
2014/9/29,6.878,6.865,6.912,6.844,605358,1
2014/9/30,6.878,6.878,6.892,6.851,483982,1
2014/10/8,6.898,6.96,6.96,6.878,674687,1
2014/10/9,6.96,6.919,6.98,6.892,662393,1
2014/10/10,6.892,6.892,6.919,6.871,659349,1
2014/10/13,6.865,6.851,6.878,6.81,519875,1
2014/10/14,6.844,6.865,6.919,6.831,575883,1
2014/10/15,6.858,6.892,6.905,6.797,597659,1
2014/10/16,6.851,6.919,7.021,6.837,1323735,1
2014/10/17,6.919,6.865,6.932,6.824,700511,1
2014/10/20,6.885,6.898,6.912,6.844,611170,1
2014/10/21,6.878,6.844,6.892,6.831,486323,1
2014/10/22,6.837,6.851,6.912,6.824,559460,1
2014/10/23,6.865,6.946,7.014,6.865,1585479,1
2014/10/24,7.007,6.905,7.021,6.885,820989,1
2014/10/27,6.851,6.797,6.871,6.77,729568,1
2014/10/28,6.817,6.898,6.912,6.817,530650,1
2014/10/29,6.912,6.987,7.041,6.878,1065276,1
2014/10/30,6.993,7.075,7.156,6.926,1520633,1
2014/10/31,7.122,7.482,7.699,7.095,3593084,1
2014/11/3,7.57,7.536,7.638,7.448,1916834,1
2014/11/4,7.563,7.36,7.584,7.312,1318992,1
2014/11/5,7.36,7.339,7.428,7.231,1285876,1
2014/11/6,7.339,7.353,7.394,7.285,645123,1
2014/11/7,7.333,7.4,7.719,7.305,2234369,1
2014/11/10,7.495,7.556,7.631,7.366,1621348,1
2014/11/11,7.536,7.645,7.896,7.509,2981390,1
2014/11/12,7.59,7.597,7.604,7.455,1389462,1
2014/11/13,7.584,7.495,7.706,7.482,1340384,1
2014/11/14,7.461,7.414,7.468,7.326,901526,1
2014/11/17,7.428,7.299,7.455,7.265,889594,1
2014/11/18,7.285,7.197,7.333,7.163,930296,1
2014/11/19,7.19,7.21,7.231,7.149,591656,1
2014/11/20,7.177,7.21,7.251,7.122,683544,1
2014/11/21,7.204,7.326,7.366,7.122,1146731,1
2014/11/24,7.197,7.312,7.428,7.136,2227368,1
2014/11/25,7.292,7.448,7.475,7.251,1567802,1
2014/11/26,7.455,7.604,7.712,7.407,2184918,1
2014/11/27,7.699,7.672,7.807,7.543,2103856,1
2014/11/28,7.645,8.438,8.438,7.584,4844839,1
2014/12/1,8.547,8.269,8.845,8.242,4465213,1
2014/12/2,8.235,8.899,9.089,8.194,3490411,1
2014/12/3,8.899,8.886,9.422,8.621,3997530,1
2014/12/4,8.913,9.469,9.476,8.75,3450180,1
2014/12/5,9.53,9.856,10.331,9.171,4413697,1
2014/12/8,9.639,10.331,10.514,9.496,3928342,1
2014/12/9,10.148,9.3,10.534,9.3,4045420,1
2014/12/10,9.225,9.625,9.741,8.832,3527844,1
2014/12/11,9.368,9.442,9.89,9.286,2237995,1
2014/12/12,9.429,9.456,9.632,9.279,1643909,1
2014/12/15,9.327,9.211,9.327,9.001,1800936,1
2014/12/16,9.157,9.761,9.761,9.117,2469072,1
2014/12/17,9.768,10.419,10.629,9.632,4400166,1
2014/12/18,10.453,10.1,10.548,9.903,2470250,1
2014/12/19,10.053,10.175,10.304,9.795,1935405,1
2014/12/22,10.107,10.405,10.962,10.046,3467391,1
2014/12/23,10.168,10.005,10.365,9.836,1797850,1
2014/12/24,9.998,9.544,10.073,9.279,2010271,1
2014/12/25,9.734,9.964,10.005,9.524,1997275,1
2014/12/26,9.91,10.243,10.297,9.849,2437073,1
2014/12/29,10.588,10.12,10.887,10.005,2586148,1
2014/12/30,10.127,10.514,10.575,10.087,2366078,1
2014/12/31,10.588,10.744,10.772,10.378,2400065,1
2015/1/5,10.846,10.867,11.043,10.582,2860436,1
2015/1/6,10.751,10.704,11.118,10.548,2166421,1
2015/1/7,10.555,10.5,10.738,10.378,1700120,1
2015/1/8,10.514,10.148,10.561,10.107,1407714,1
2015/1/9,10.107,10.229,10.765,9.978,2508500,1
2015/1/12,10.087,10.019,10.209,9.836,1553290,1
2015/1/13,9.937,9.958,10.107,9.91,816874,1
2015/1/14,10.025,10.046,10.31,9.971,1263029,1
2015/1/15,10.073,10.412,10.412,9.978,1242170,1
2015/1/16,10.446,10.426,10.595,10.297,1555846,1
2015/1/19,9.503,9.381,9.883,9.381,2137123,1
2015/1/20,9.381,9.381,9.537,9.198,1491018,1
2015/1/21,9.415,9.781,9.903,9.327,1940530,1
2015/1/22,9.727,9.7,9.849,9.605,1255016,1
2015/1/23,9.741,9.768,9.924,9.7,1459181,1
2015/1/26,9.741,9.727,9.795,9.605,1057605,1
2015/1/27,9.734,9.49,9.747,9.381,1339494,1
2015/1/28,9.408,9.537,9.7,9.361,1240877,1
2015/1/29,9.374,9.429,9.503,9.327,1016753,1
2015/1/30,9.449,9.449,9.578,9.334,930116,1
2015/2/2,9.225,9.245,9.361,9.191,860932,1
2015/2/3,9.347,9.462,9.49,9.239,883349,1
2015/2/4,9.496,9.3,9.524,9.293,807623,1
2015/2/5,9.7,9.354,9.788,9.334,1913729,1
2015/2/6,9.286,9.164,9.462,9.089,1030408,1
2015/2/9,9.157,9.171,9.279,8.967,946586,1
2015/2/10,9.15,9.34,9.374,9.103,724875,1
2015/2/11,9.347,9.313,9.395,9.279,554349,1
2015/2/12,9.327,9.401,9.429,9.239,608715,1
2015/2/13,9.449,9.462,9.618,9.388,887743,1
2015/2/16,9.462,9.442,9.503,9.313,721202,1
2015/2/17,9.469,9.49,9.571,9.449,680491,1
2015/2/25,9.524,9.361,9.53,9.334,577392,1
2015/2/26,9.361,9.544,9.551,9.225,1025544,1
2015/2/27,9.537,9.49,9.605,9.469,793570,1
2015/3/2,9.517,9.517,9.557,9.408,1018797,1
2015/3/3,9.483,9.225,9.483,9.218,1059476,1
2015/3/4,9.239,9.205,9.306,9.157,814973,1
2015/3/5,9.157,9.076,9.178,9.015,828604,1
2015/3/6,9.069,9.117,9.164,9.055,557047,1
2015/3/9,9.137,9.598,9.727,9.035,2205323,1
2015/3/10,9.496,9.34,9.578,9.34,1385706,1
2015/3/11,9.354,9.401,9.551,9.354,903354,1
2015/3/12,9.632,9.903,10.148,9.551,3305137,1
2015/3/13,10.107,10.168,10.588,10.039,3163988,1
2015/3/16,10.243,10.453,10.514,10.12,2218472,1
2015/3/17,10.521,10.446,10.717,10.344,1959841,1
2015/3/18,10.419,10.521,10.568,10.371,1831000,1
2015/3/19,10.5,10.304,10.5,10.256,1580300,1
2015/3/20,10.304,10.392,10.548,10.215,1976394,1
2015/3/23,10.399,10.466,10.555,10.399,1782055,1
2015/3/24,10.466,10.412,10.575,10.324,1559193,1
2015/3/25,10.365,10.114,10.392,10.1,1591468,1
2015/3/26,10.08,10.249,10.46,9.978,1487891,1
2015/3/27,10.243,10.229,10.371,10.08,1047638.87,1
2015/3/30,10.331,10.622,10.812,10.243,2582613,1
2015/3/31,10.88,10.683,11.26,10.602,2733183,1
2015/4/1,10.731,10.826,10.948,10.548,1643316,1
2015/4/2,10.914,10.717,10.948,10.595,1405837,1
2015/4/3,10.65,10.751,10.812,10.588,1434941,1
2015/4/7,10.955,11.402,11.504,10.955,2960472,1
2015/4/8,11.484,12.155,12.264,11.294,3371646,1
2015/4/9,12.176,12.21,12.922,12.026,3173063,1
2015/4/10,12.21,13.431,13.431,12.108,3340209,1
2015/4/13,13.955,13.578,14.087,13.258,4807153,1
2015/4/14,13.545,13.381,13.545,13.217,2472375,1
2015/4/15,13.381,13.668,14.185,13.217,3417642,1
2015/4/16,13.414,13.955,14.037,13.34,2467407,1
2015/4/17,14.366,13.898,14.366,13.791,2609523,1
2015/4/20,14.037,13.381,14.12,13.266,3447257,1
2015/4/21,13.397,13.594,13.709,13.118,2415936,1
2015/4/22,13.611,13.914,13.939,13.545,2773141,1
2015/4/23,13.939,13.676,13.988,13.594,2319688,1
2015/4/24,13.381,13.249,13.553,13.143,2442836,1
2015/4/27,13.307,13.479,13.627,13.299,2460563,1
2015/4/28,13.504,13.709,14.267,13.315,4763544,1
2015/4/29,13.676,13.668,13.75,13.299,2151188,1
2015/4/30,13.816,13.709,14.169,13.693,2890635,1
2015/5/4,13.709,13.561,13.709,13.364,1427575,1
2015/5/5,13.471,13.02,13.561,12.724,2299341,1
2015/5/6,12.987,12.905,13.381,12.716,1949911,1
2015/5/7,12.905,12.864,13.036,12.724,1258707,1
2015/5/8,12.896,13.011,13.118,12.724,1374468,1
2015/5/11,12.97,13.159,13.233,12.716,2123077,1
2015/5/12,13.118,13.102,13.282,12.847,1989655,1
2015/5/13,13.282,13.036,13.34,12.921,1756561,1
2015/5/14,13.134,13.044,13.175,12.88,1438027,1
2015/5/15,12.97,12.683,13.036,12.535,1752716,1
2015/5/18,12.478,12.461,12.601,12.289,1537084,1
2015/5/19,12.453,12.798,12.921,12.355,1917812,1
2015/5/20,13.143,12.921,13.258,12.806,2589666,1
2015/5/21,12.97,12.962,13.044,12.823,1405846,1
2015/5/22,13.061,13.356,13.381,12.987,2621907,1
2015/5/25,13.422,13.627,13.717,13.422,2730369,1
2015/5/26,13.652,13.643,13.709,13.364,2792208,1
2015/5/27,13.643,13.528,13.881,13.463,2341217,1
2015/5/28,13.545,12.724,13.553,12.667,2733061,1
2015/5/29,12.732,12.576,12.864,12.404,2014932,1
2015/6/1,12.584,13.052,13.118,12.47,2158362,1
2015/6/2,13.044,12.946,13.052,12.74,1904822,1
2015/6/3,12.946,12.995,13.093,12.724,1975231,1
2015/6/4,13.011,13.438,13.611,12.855,3682532,1
2015/6/5,13.709,13.381,13.791,13.159,2855456,1
2015/6/8,13.397,14.193,14.325,13.29,5086050,1
2015/6/9,14.251,13.939,14.325,13.693,3286967,1
2015/6/10,13.791,13.693,13.898,13.57,2198386,1
2015/6/11,13.693,13.528,13.767,13.422,1706960,1
2015/6/12,13.528,13.553,13.652,13.389,1903388,1
2015/6/15,13.57,13.069,13.627,13.052,2192176,1
2015/6/16,12.97,12.839,13.184,12.724,1812179,1
2015/6/17,12.995,12.913,13.044,12.683,1715942,1
2015/6/18,12.872,12.625,12.872,12.322,1602554,1
2015/6/19,12.519,12.01,12.634,11.903,1565520,1
2015/6/23,12.018,12.273,12.289,11.583,1805488,1
2015/6/24,12.314,12.412,12.42,12.067,1531996,1
2015/6/25,12.79,12.207,12.831,12.117,2079164,1
2015/6/26,12.018,11.304,12.273,10.984,2555321,1
2015/6/29,11.558,11.131,11.616,10.467,2612943,1
2015/6/30,11.115,11.936,11.936,10.984,2548103,1
2015/7/1,11.78,11.427,11.977,11.279,1835406,1
2015/7/2,11.411,11.287,11.747,10.984,1982826,1
2015/7/3,11.476,10.729,11.484,10.499,2597458,1
2015/7/6,11.739,11.394,11.747,10.91,3381526,1
2015/7/7,11.214,12.026,12.026,10.844,4808311,1
2015/7/8,11.337,10.828,11.493,10.828,4996696,1
2015/7/9,10.828,11.706,11.854,9.941,4344355,1
2015/7/10,11.37,12.199,12.609,11.172,4650987,1
2015/7/13,11.821,11.854,12.223,11.591,3268196,1
2015/7/14,11.657,11.386,11.805,11.09,2580229,1
2015/7/15,11.214,11.148,11.46,11,1626423,1
2015/7/16,11.164,11.164,11.296,11.017,1388939,1
2015/7/17,11.214,11.345,11.443,11.107,1680637,1
2015/7/20,11.328,11.164,11.328,11.107,1358683,1
2015/7/21,11.09,11.14,11.197,10.984,1131643,1
2015/7/22,11.074,11.099,11.115,10.951,1138090,1
2015/7/23,11.049,11.222,11.287,11.008,1483696,1
2015/7/24,11.23,10.984,11.246,10.934,1339309,1
2015/7/27,10.877,10.212,10.934,9.884,1787859,1
2015/7/28,10.007,10.36,10.475,9.974,2011200,1
2015/7/29,10.343,10.343,10.36,10.163,971682,1
2015/7/30,10.352,10.064,10.376,10.04,770278,1
2015/7/31,9.982,10.146,10.196,9.867,1202746,1
2015/8/3,10.015,10.524,10.549,9.974,1405122,1
2015/8/4,10.483,10.557,10.664,10.335,774937,1
2015/8/5,10.508,10.335,10.631,10.319,551802,1
2015/8/6,10.261,10.286,10.45,10.204,450218,1
2015/8/7,10.352,10.352,10.442,10.294,622010,1
2015/8/10,10.393,10.606,10.664,10.302,1053111,1
2015/8/11,10.598,10.54,10.631,10.499,828493,1
2015/8/12,10.417,10.319,10.483,10.311,686822,1
2015/8/13,10.27,10.319,10.401,10.196,606344,1
2015/8/14,10.417,10.376,10.467,10.327,823789,1
2015/8/17,10.352,10.294,10.417,10.22,679642,1
2015/8/18,10.261,10.072,10.458,9.81,1176324,1
2015/8/19,9.933,10.04,10.04,9.769,958894,1
2015/8/20,9.99,9.892,9.99,9.769,677634,1
2015/8/21,9.769,9.44,9.843,9.408,933367,1
2015/8/24,9.112,8.496,9.17,8.496,1518029,1
2015/8/25,8.086,7.766,8.496,7.651,2192333,1
2015/8/26,7.881,8.135,8.398,7.634,2491919,1
2015/8/27,8.34,8.866,8.948,8.094,1849235,1
2015/8/28,8.94,8.89,9.104,8.661,1608029,1
2015/8/31,8.792,9.087,9.087,8.603,1464297,1
2015/9/1,8.948,9.498,9.531,8.71,2657661,1
2015/9/2,9.178,9.72,9.851,9.079,2815746,1
2015/9/7,9.481,8.94,9.49,8.94,1376110,1
2015/9/8,8.931,9.03,9.153,8.693,747292,1
2015/9/9,9.055,9.112,9.186,8.931,851073,1
2015/9/10,9.03,9.071,9.178,8.981,465205,1
2015/9/11,9.046,8.997,9.128,8.931,426450,1
2015/9/14,9.022,8.923,9.03,8.578,756452,1
2015/9/15,8.775,8.677,8.907,8.62,542839,1
2015/9/16,8.693,8.948,9.096,8.636,569243,1
2015/9/17,8.907,8.841,9.145,8.841,620798,1
2015/9/18,8.899,8.874,8.997,8.808,318272,1
2015/9/21,8.784,8.882,8.94,8.743,386111,1
2015/9/22,8.89,8.997,9.079,8.882,492955,1
2015/9/23,8.915,8.784,8.956,8.767,371150,1
2015/9/24,8.833,8.792,8.874,8.759,258632,1
2015/9/25,8.775,8.661,8.792,8.578,446420,1
2015/9/28,8.669,8.644,8.693,8.562,199087,1
2015/9/29,8.578,8.521,8.669,8.472,333603,1
2015/9/30,8.537,8.611,8.693,8.529,364659,1
2015/10/8,8.907,8.784,8.94,8.784,494070,1
2015/10/9,8.825,8.948,8.989,8.8,474612,1
2015/10/12,8.997,9.219,9.342,8.956,849665,1
2015/10/13,9.194,9.137,9.243,9.104,359798,1
2015/10/14,9.063,9.014,9.153,8.981,418980,1
2015/10/15,8.989,9.17,9.17,8.981,485900,1
2015/10/16,9.202,9.219,9.276,9.161,570001,1
2015/10/19,9.252,9.243,9.317,9.153,723371,1
2015/10/20,9.194,9.293,9.342,9.186,715163,1
2015/10/21,9.268,9.211,9.646,9.178,1332629,1
2015/10/22,9.235,9.301,9.358,9.178,822805,1
2015/10/23,9.35,9.416,9.465,9.309,937425,1
2015/10/26,9.522,9.457,9.695,9.391,1085917,1
2015/10/27,9.44,9.424,9.555,9.309,580436,1
2015/10/28,9.408,9.252,9.424,9.235,544811,1
2015/10/29,9.276,9.252,9.325,9.235,316703,1
2015/10/30,9.276,9.325,9.375,9.252,535930,1
2015/11/2,9.252,9.145,9.293,9.112,484435,1
2015/11/3,9.153,9.071,9.202,9.038,391265,1
2015/11/4,9.096,9.596,9.605,9.071,1307244,1
2015/11/5,9.522,9.908,10.319,9.481,2292189,1
2015/11/6,9.867,10.171,10.187,9.785,1463194,1
2015/11/9,10.261,10.622,10.984,10.228,2413887,1
2015/11/10,10.508,10.467,10.729,10.352,1125027,1
2015/11/11,10.425,10.302,10.491,10.163,1021735,1
2015/11/12,10.343,10.179,10.384,10.081,671139,1
2015/11/13,10.031,10.048,10.245,10.007,587555,1
2015/11/16,9.958,10.13,10.171,9.925,559848,1
2015/11/17,10.187,10.261,10.425,10.146,1046486,1
2015/11/18,10.228,10.196,10.425,10.105,793704,1
2015/11/19,10.179,10.261,10.27,10.122,471120,1
2015/11/20,10.261,10.302,10.335,10.196,598036,1
2015/11/23,10.302,10.22,10.343,10.163,607975,1
2015/11/24,10.187,10.081,10.22,9.982,664214,1
2015/11/25,10.023,10.114,10.155,9.99,513462,1
2015/11/26,10.146,10.04,10.163,10.015,552210,1
2015/11/27,9.999,9.629,10.015,9.465,728025,1
2015/11/30,9.621,9.637,9.744,9.44,658493,1
2015/12/1,9.605,9.646,9.736,9.449,680253,1
2015/12/2,9.605,10.27,10.376,9.572,1615760,1
2015/12/3,10.171,10.22,10.467,10.056,1425976,1
2015/12/4,10.105,9.949,10.163,9.917,764532,1
2015/12/7,9.999,9.974,10.056,9.884,402792,1
2015/12/8,9.908,9.818,9.925,9.769,503101,1
2015/12/9,9.785,9.843,9.949,9.769,429384,1
2015/12/10,9.81,9.818,9.966,9.777,417603,1
2015/12/11,9.777,9.711,9.785,9.629,379508,1
2015/12/14,9.629,9.908,9.941,9.613,587236,1
2015/12/15,9.875,9.785,9.925,9.736,364487,1
2015/12/16,9.834,9.761,9.859,9.752,392762,1
2015/12/17,9.826,9.908,9.966,9.818,648274,1
2015/12/18,9.875,10.04,10.302,9.867,1022944,1
2015/12/21,9.966,10.27,10.442,9.941,1281142,1
2015/12/22,10.261,10.204,10.36,10.163,698091,1
2015/12/23,10.237,10.245,10.491,10.179,1039018,1
2015/12/24,10.228,10.13,10.311,10.048,640229,1
2015/12/25,10.163,10.187,10.237,10.122,399845,1
2015/12/28,10.204,9.834,10.228,9.834,822408,1
2015/12/29,9.843,9.925,9.933,9.826,619802,1
2015/12/30,9.925,9.933,9.941,9.81,532667,1
2015/12/31,9.933,9.843,9.958,9.834,491258,1
2016/1/4,9.851,9.276,9.875,9.219,563497,1
2016/1/5,9.252,9.358,9.498,9.153,663269,1
2016/1/6,9.375,9.465,9.49,9.35,515706,1
2016/1/7,9.367,8.981,9.367,8.956,174761,1
2016/1/8,9.202,9.128,9.268,8.948,747527,1
2016/1/11,9.03,8.833,9.096,8.767,732013,1
2016/1/12,8.89,8.874,8.956,8.734,561642,1
2016/1/13,8.94,8.792,8.981,8.784,391709,1
2016/1/14,8.693,8.841,8.866,8.603,666314,1
2016/1/15,8.751,8.587,8.866,8.554,448202,1
2016/1/18,8.488,8.546,8.669,8.455,421040,1
2016/1/19,8.578,8.792,8.849,8.546,501109,1
2016/1/20,8.784,8.652,8.866,8.57,603752,1
2016/1/21,8.603,8.472,8.825,8.472,606145,1
2016/1/22,8.537,8.537,8.578,8.39,466752,1
2016/1/25,8.537,8.513,8.57,8.48,376431,1
2016/1/26,8.472,8.102,8.472,8.094,647901,1
2016/1/27,8.152,8.111,8.193,7.881,569037,1
2016/1/28,8.061,7.955,8.119,7.922,302540,1
2016/1/29,7.996,8.209,8.275,7.955,544435,1
2016/2/1,8.193,8.045,8.217,7.996,417732,1
2016/2/2,8.045,8.168,8.234,8.028,369104,1
2016/2/3,8.086,8.086,8.119,8.02,274572,1
2016/2/4,8.119,8.168,8.209,8.111,373099,1
2016/2/5,8.176,8.143,8.184,8.135,270893,1
2016/2/15,7.93,8.037,8.086,7.922,278499,1
2016/2/16,8.078,8.217,8.234,8.069,428386,1
2016/2/17,8.234,8.332,8.39,8.201,585167,1
2016/2/18,8.357,8.283,8.39,8.283,406178,1
2016/2/19,8.283,8.242,8.324,8.201,318898,1
2016/2/22,8.316,8.447,8.464,8.258,617739,1
2016/2/23,8.447,8.308,8.447,8.25,425874,1
2016/2/24,8.258,8.332,8.332,8.217,300103,1
2016/2/25,8.308,7.938,8.316,7.881,622072,1
2016/2/26,8.02,8.037,8.069,7.93,392154,1
2016/2/29,8.037,7.848,8.053,7.733,566896,1
2016/3/1,7.897,7.963,8.02,7.864,377910,1
2016/3/2,8.004,8.291,8.316,7.979,676613,1
2016/3/3,8.283,8.299,8.357,8.242,553089,1
2016/3/4,8.283,8.537,8.62,8.267,1381249,1
2016/3/7,8.496,8.488,8.611,8.455,606352,1
2016/3/8,8.505,8.439,8.505,8.16,643156,1
2016/3/9,8.324,8.349,8.39,8.242,325900,1
2016/3/10,8.406,8.332,8.496,8.316,474020,1
2016/3/11,8.291,8.34,8.39,8.242,383736,1
2016/3/14,8.381,8.422,8.587,8.381,655158,1
2016/3/15,8.439,8.472,8.505,8.34,417920,1
2016/3/16,8.431,8.496,8.578,8.414,664886,1
2016/3/17,8.505,8.554,8.603,8.455,610996,1
2016/3/18,8.554,8.652,8.677,8.537,797215,1
2016/3/21,8.661,8.866,8.915,8.661,920432,1
2016/3/22,8.841,8.8,8.981,8.775,625482,1
2016/3/23,8.792,8.784,8.841,8.71,430278,1
2016/3/24,8.71,8.636,8.726,8.62,372406,1
2016/3/25,8.628,8.693,8.702,8.62,237070,1
2016/3/28,8.718,8.603,8.743,8.578,358621,1
2016/3/29,8.628,8.562,8.636,8.521,318317,1
2016/3/30,8.603,8.784,8.784,8.595,539699,1
2016/3/31,8.792,8.734,8.825,8.734,418387,1
2016/4/1,8.718,8.751,8.775,8.62,369341,1
2016/4/5,8.718,8.784,8.874,8.62,592308,1
2016/4/6,8.767,8.8,8.825,8.71,435259,1
2016/4/7,8.8,8.693,8.808,8.693,377719,1
2016/4/8,8.661,8.677,8.759,8.62,376553,1
2016/4/11,8.702,8.8,8.866,8.702,786386,1
2016/4/12,8.784,8.759,8.792,8.718,298599,1
2016/4/13,8.808,8.874,9.005,8.792,856760,1
2016/4/14,8.931,8.899,8.948,8.858,323646,1
2016/4/15,8.899,8.931,8.981,8.866,497224,1
2016/4/18,8.882,8.808,8.907,8.808,350654,1
2016/4/19,8.841,8.841,8.874,8.792,218239,1
2016/4/20,8.841,8.636,8.849,8.505,606586,1
2016/4/21,8.636,8.628,8.726,8.578,558799,1
2016/4/22,8.587,8.661,8.718,8.546,359677,1
2016/4/25,8.669,8.62,8.669,8.554,349257,1
2016/4/26,8.603,8.693,8.702,8.587,291699,1
2016/4/27,8.685,8.677,8.71,8.636,239553,1
2016/4/28,8.685,8.751,8.833,8.652,457460,1
2016/4/29,8.734,8.677,8.734,8.661,404977,1
2016/5/3,8.685,8.767,8.8,8.636,489102,1
2016/5/4,8.767,8.8,8.825,8.751,412435,1
2016/5/5,8.775,8.8,8.8,8.743,239516,1
2016/5/6,8.808,8.636,8.808,8.636,346545,1
2016/5/9,8.62,8.496,8.644,8.472,411171,1
2016/5/10,8.488,8.439,8.513,8.431,292599,1
2016/5/11,8.455,8.513,8.57,8.455,327289,1
2016/5/12,8.464,8.521,8.537,8.414,325885,1
2016/5/13,8.496,8.496,8.537,8.48,184266,1
2016/5/16,8.472,8.505,8.505,8.414,215224,1
2016/5/17,8.505,8.455,8.513,8.406,250424,1
2016/5/18,8.447,8.455,8.472,8.349,534150,1
2016/5/19,8.431,8.414,8.472,8.414,170777,1
2016/5/20,8.406,8.455,8.48,8.365,206703,1
2016/5/23,8.48,8.439,8.488,8.414,323646,1
2016/5/24,8.431,8.381,8.439,8.365,259294,1
2016/5/25,8.414,8.398,8.439,8.365,204235,1
2016/5/26,8.39,8.39,8.431,8.349,261396,1
2016/5/27,8.39,8.431,8.447,8.365,222818,1
2016/5/30,8.414,8.439,8.439,8.373,380946,1
2016/5/31,8.422,8.661,8.677,8.422,946467,1
2016/6/1,8.628,8.603,8.661,8.57,556750,1
2016/6/2,8.595,8.587,8.603,8.554,293036,1
2016/6/3,8.595,8.62,8.636,8.546,423389,1
2016/6/6,8.628,8.628,8.644,8.578,338332,1
2016/6/7,8.636,8.636,8.644,8.603,229282,1
2016/6/8,8.652,8.62,8.652,8.587,268188,1
2016/6/13,8.587,8.48,8.595,8.48,344816,1
2016/6/14,8.488,8.537,8.546,8.472,273637,1
2016/6/15,8.48,8.57,8.603,8.472,378172,1
2016/6/16,8.57,8.57,8.6,8.53,386670,1
2016/6/17,8.57,8.58,8.61,8.54,315173,1
2016/6/20,8.59,8.6,8.6,8.56,270731,1
2016/6/21,8.61,8.61,8.65,8.58,380749,1
2016/6/22,8.6,8.73,8.73,8.58,478002,1
2016/6/23,8.67,8.66,8.7,8.63,335614,1
2016/6/24,8.64,8.57,8.7,8.52,427664,1
2016/6/27,8.57,8.61,8.64,8.54,325214,1
2016/6/28,8.58,8.63,8.64,8.56,336519,1
2016/6/29,8.63,8.69,8.69,8.62,369611,1
2016/6/30,8.69,8.7,8.74,8.66,362204,1
2016/7/1,8.69,8.71,8.73,8.68,348930,1
2016/7/4,8.69,8.81,8.86,8.67,608257,1
2016/7/5,8.8,8.81,8.83,8.77,422037,1
2016/7/6,8.8,8.79,8.82,8.76,322950,1
2016/7/7,8.79,8.78,8.8,8.74,312853,1
2016/7/8,8.79,8.74,8.79,8.73,261342,1
2016/7/11,8.75,8.75,8.79,8.74,365372,1
2016/7/12,8.75,8.88,8.89,8.74,711832,1
2016/7/13,8.88,8.99,9.05,8.86,798288,1
2016/7/14,8.97,8.94,9,8.91,359699,1
2016/7/15,8.95,8.99,9,8.91,352033,1
2016/7/18,8.99,9.04,9.08,8.97,506934,1
2016/7/19,9.04,8.97,9.05,8.95,362787,1
2016/7/20,8.96,8.96,8.99,8.95,310926,1
2016/7/21,8.95,8.99,9.01,8.95,340261,1
2016/7/22,8.99,8.94,8.99,8.92,295549,1
2016/7/25,8.93,8.98,8.98,8.91,264682,1
2016/7/26,8.97,9.11,9.12,8.97,546556,1
2016/7/27,9.12,9.01,9.17,8.91,818678,1
2016/7/28,8.98,9.08,9.11,8.97,479910,1
2016/7/29,9.08,9.2,9.24,9.03,671425,1
2016/8/1,9.18,9.28,9.34,9.17,759324,1
2016/8/2,9.24,9.25,9.26,9.17,449165,1
2016/8/3,9.21,9.18,9.22,9.15,424622,1
2016/8/4,9.17,8.99,9.18,8.93,1344462,1
2016/8/5,8.99,9.04,9.07,8.95,725948,1
2016/8/8,9.04,9.11,9.11,9.01,398479,1
2016/8/9,9.09,9.15,9.15,9.07,415676,1
2016/8/10,9.15,9.14,9.18,9.12,436655,1
2016/8/11,9.14,9.22,9.35,9.13,935576,1
2016/8/12,9.2,9.5,9.53,9.18,1370021,1
2016/8/15,9.55,9.68,9.8,9.51,1897552,1
2016/8/16,9.68,9.52,9.68,9.46,1099558,1
2016/8/17,9.52,9.55,9.6,9.48,560725,1
2016/8/18,9.56,9.5,9.59,9.43,691504,1
2016/8/19,9.49,9.51,9.52,9.43,505334,1
2016/8/22,9.5,9.4,9.51,9.36,979432,1
2016/8/23,9.38,9.4,9.45,9.37,890656,1
2016/8/24,9.41,9.43,9.43,9.38,732281,1
2016/8/25,9.42,9.44,9.45,9.34,617389,1
2016/8/26,9.45,9.45,9.47,9.4,502233,1
2016/8/29,9.41,9.42,9.45,9.38,565231,1
2016/8/30,9.42,9.47,9.47,9.41,595081,1
2016/8/31,9.46,9.49,9.5,9.43,489746,1
2016/9/1,9.49,9.45,9.52,9.42,480131,1
2016/9/2,9.43,9.45,9.46,9.42,368796,1
2016/9/5,9.46,9.42,9.46,9.4,469936,1
2016/9/6,9.42,9.41,9.43,9.36,574738,1
2016/9/7,9.41,9.4,9.42,9.37,459373,1
2016/9/8,9.39,9.4,9.42,9.38,295218,1
2016/9/9,9.4,9.38,9.43,9.36,327431,1
2016/9/12,9.29,9.16,9.32,9.13,756581,1
2016/9/13,9.18,9.19,9.21,9.14,460931,1
2016/9/14,9.17,9.06,9.18,9.05,421481,1
2016/9/19,9.05,9.12,9.14,9.05,354348,1
2016/9/20,9.12,9.08,9.12,9.04,436678,1
2016/9/21,9.08,9.08,9.1,9.03,405665,1
2016/9/22,9.1,9.16,9.18,9.09,494613,1
2016/9/23,9.16,9.15,9.19,9.14,288798,1
2016/9/26,9.13,9.04,9.13,9.04,439481,1
2016/9/27,9.04,9.06,9.07,9.01,401323,1
2016/9/28,9.06,9.05,9.06,9.03,271366,1
2016/9/29,9.05,9.06,9.08,9.05,303664,1
2016/9/30,9.06,9.07,9.1,9.05,308084,1
2016/10/10,9.1,9.12,9.17,9.08,611381,1
2016/10/11,9.13,9.15,9.15,9.11,363370,1
2016/10/12,9.14,9.13,9.16,9.12,270316,1
2016/10/13,9.08,9.07,9.11,9.05,632367,1
2016/10/14,9.06,9.09,9.09,9.04,335411,1
2016/10/17,9.08,9.05,9.09,9.03,359223,1
2016/10/18,9.03,9.09,9.09,9.03,593737,1
2016/10/19,9.09,9.08,9.11,9.05,482636,1
2016/10/20,9.08,9.07,9.09,9.05,342844,1
2016/10/21,9.08,9.13,9.13,9.06,683896,1
2016/10/24,9.13,9.24,9.3,9.12,915677,1
2016/10/25,9.25,9.21,9.26,9.18,500752,1
2016/10/26,9.22,9.15,9.22,9.13,440452,1
2016/10/27,9.16,9.16,9.17,9.12,324140,1
2016/10/28,9.16,9.17,9.23,9.14,541997,1
2016/10/31,9.15,9.15,9.16,9.09,493596,1
2016/11/1,9.14,9.14,9.16,9.11,525415,1
2016/11/2,9.14,9.07,9.14,9.05,633586,1
2016/11/3,9.06,9.13,9.14,9.05,616871,1
2016/11/4,9.11,9.11,9.17,9.1,508117,1
2016/11/7,9.1,9.12,9.12,9.07,497240,1
2016/11/8,9.12,9.15,9.15,9.1,806694,1
2016/11/9,9.14,9.07,9.14,9.01,722616,1
2016/11/10,9.1,9.14,9.16,9.1,631998,1
2016/11/11,9.14,9.18,9.18,9.11,812269,1
2016/11/14,9.16,9.22,9.25,9.16,975078,1
2016/11/15,9.2,9.23,9.24,9.18,554342,1
2016/11/16,9.23,9.23,9.24,9.2,415842,1
2016/11/17,9.22,9.21,9.22,9.18,505324,1
2016/11/18,9.21,9.18,9.21,9.16,517597,1
2016/11/21,9.18,9.24,9.28,9.17,850243,1
2016/11/22,9.24,9.36,9.36,9.23,1180256,1
2016/11/23,9.34,9.45,9.56,9.34,1752869,1
2016/11/24,9.44,9.47,9.52,9.42,779748,1
2016/11/25,9.48,9.62,9.62,9.46,1013674,1
2016/11/28,9.69,9.63,9.78,9.6,1279689,1
2016/11/29,9.59,9.62,9.7,9.55,887779,1
2016/11/30,9.65,9.55,9.72,9.5,1025963,1
2016/12/1,9.57,9.6,9.63,9.55,646004,1
2016/12/2,9.6,9.55,9.6,9.44,829686,1
2016/12/5,9.5,9.46,9.54,9.41,764365,1
2016/12/6,9.48,9.49,9.52,9.45,602902,1
2016/12/7,9.48,9.48,9.49,9.41,493404,1
2016/12/8,9.5,9.52,9.55,9.43,671452,1
2016/12/9,9.5,9.65,9.75,9.48,1514199,1
2016/12/12,9.65,9.5,9.77,9.44,1256874,1
2016/12/13,9.48,9.42,9.5,9.33,645771,1
2016/12/14,9.42,9.4,9.51,9.4,597705,1
2016/12/15,9.37,9.25,9.41,9.21,827612,1
2016/12/16,9.24,9.25,9.29,9.21,396813,1
2016/12/19,9.22,9.2,9.23,9.17,494010,1
2016/12/20,9.2,9.11,9.2,9.08,636638,1
2016/12/21,9.12,9.16,9.16,9.11,369920,1
2016/12/22,9.15,9.14,9.16,9.11,341341,1
2016/12/23,9.14,9.08,9.14,9.07,382912,1
2016/12/26,9.06,9.12,9.13,9.02,302058,1
2016/12/27,9.12,9.08,9.13,9.07,268841,1
2016/12/28,9.08,9.06,9.11,9.04,336055,1
2016/12/29,9.07,9.08,9.09,9.05,338758,1
2016/12/30,9.08,9.1,9.1,9.06,302607,1
2017/1/3,9.11,9.16,9.18,9.09,459840,1
2017/1/4,9.15,9.16,9.18,9.14,449329,1
2017/1/5,9.17,9.17,9.18,9.15,344372,1
2017/1/6,9.17,9.13,9.17,9.11,358154,1
2017/1/9,9.13,9.15,9.17,9.11,361081,1
2017/1/10,9.15,9.15,9.16,9.14,241053,1
2017/1/11,9.14,9.14,9.17,9.13,303430,1
2017/1/12,9.13,9.15,9.17,9.13,428006,1
2017/1/13,9.14,9.16,9.19,9.12,434301,1
2017/1/16,9.15,9.14,9.16,9.07,683165,1
2017/1/17,9.12,9.15,9.16,9.1,545552,1
2017/1/18,9.14,9.17,9.19,9.13,574269,1
2017/1/19,9.15,9.18,9.24,9.15,437712,1
2017/1/20,9.17,9.22,9.23,9.17,393328,1
2017/1/23,9.22,9.22,9.26,9.2,420299,1
2017/1/24,9.23,9.27,9.28,9.2,470244,1
2017/1/25,9.27,9.26,9.28,9.25,304401,1
2017/1/26,9.27,9.33,9.34,9.26,420712,1
2017/2/3,9.34,9.26,9.36,9.23,315472,1
2017/2/6,9.26,9.31,9.32,9.26,516786,1
2017/2/7,9.31,9.3,9.32,9.27,396884,1
2017/2/8,9.29,9.3,9.3,9.24,360272,1
2017/2/9,9.3,9.31,9.33,9.28,342855,1
2017/2/10,9.32,9.33,9.36,9.31,482743,1
2017/2/13,9.34,9.41,9.44,9.33,638364,1
2017/2/14,9.41,9.4,9.42,9.37,362404,1
2017/2/15,9.4,9.45,9.54,9.39,756613,1
2017/2/16,9.45,9.46,9.5,9.42,411161,1
2017/2/17,9.46,9.39,9.49,9.37,423774,1
2017/2/20,9.4,9.56,9.58,9.4,898755,1
2017/2/21,9.55,9.57,9.62,9.54,646584,1
2017/2/22,9.57,9.57,9.57,9.5,462966,1
2017/2/23,9.55,9.51,9.57,9.48,335327,1
2017/2/24,9.5,9.5,9.54,9.48,332500,1
2017/2/27,9.5,9.43,9.5,9.42,407341,1
2017/2/28,9.43,9.48,9.51,9.42,369719,1
2017/3/1,9.49,9.49,9.55,9.47,346993,1
2017/3/2,9.51,9.43,9.54,9.42,403628,1
2017/3/3,9.41,9.4,9.43,9.36,342655,1
2017/3/6,9.4,9.45,9.46,9.39,404511,1
2017/3/7,9.44,9.45,9.46,9.4,294672,1
2017/3/8,9.43,9.42,9.45,9.4,244438,1
2017/3/9,9.41,9.38,9.43,9.36,378169,1
2017/3/10,9.38,9.4,9.41,9.36,390182,1
2017/3/13,9.39,9.44,9.45,9.37,545304,1
2017/3/14,9.43,9.44,9.46,9.41,404484,1
2017/3/15,9.42,9.48,9.48,9.42,546560,1
2017/3/16,9.48,9.52,9.53,9.45,635953,1
2017/3/17,9.45,9.31,9.46,9.3,1583647,1
2017/3/20,9.29,9.25,9.31,9.22,715021,1
2017/3/21,9.25,9.24,9.26,9.2,554648,1
2017/3/22,9.2,9.16,9.22,9.14,566123,1
2017/3/23,9.16,9.2,9.24,9.15,433588,1
2017/3/24,9.16,9.2,9.24,9.15,433588,1
2017/3/25,9.16,9.2,9.24,9.15,433588,1
2017/3/26,9.16,9.2,9.24,9.15,433588,1